"ItemID","Description","Bottles_Per_Case","Cost_Amount_Per_Bottle","Total_Cost","Week1","Week2","Week3","Week4","Week5","Week6","Week7","Week8","Week9","Week10","Week11","Week12","Week13","Week14","Week15","Week16","Week17","Week18","Week19","Week20","Week21","Week22","Week23","Week24","Week25","Week26","Week27","Week28","Week29","Week30","Week31","Week32","Week33","Week34","Week35","Week36","Week37","Week38","Week39","Week40","Week41","Week42","Week43","Week44","Week45","Week46","Week47","Week48","Week49","Week50","Week51","Week52","Week53","Grand_Total"
70417,"FIREBALL CINN WHISKY 50ML/10PK LOOSE",120,1.09,130.8,76,60,137,136,115,127,81,113,118,158,101,128,160,102,86,117,91,121,109,102,110,100,110,84,55,72,73,76,80,57,79,61,82,131,87,103,97,113,97,138,126,90,112,154,119,135,109,105,155,131,137,124,26,5687
96741,"CORONA EXTRA 4/6 NR - 12OZ",24,1.831666667,43.960000008,60,60,78,24,48,90,78,0,48,24,36,72,84,48,54,114,48,96,108,54,168,192,138,180,90,66,150,90,84,114,84,120,120,126,84,60,102,102,42,72,108,42,90,36,54,54,144,144,30,54,54,222,24,4490
96067,"GUINNESS STOUT 4/6 NR - 11.2OZ",24,1.831666667,43.960000008,12,132,24,72,96,72,60,72,54,54,138,66,180,60,72,48,168,132,54,54,138,90,150,48,210,138,150,72,48,72,90,162,66,84,84,24,36,24,42,18,72,78,18,12,18,84,48,78,36,66,120,108,42,4172
96083,"HEINEKEN 4/6 NR - 12OZ",24,1.831666667,43.960000008,96,52,0,54,85,79,102,36,18,30,41,26,79,36,43,61,62,90,134,87,102,127,72,240,66,90,162,78,96,54,72,108,84,66,138,84,78,78,78,96,72,72,96,60,84,84,60,126,12,36,78,60,36,4082
98744,"STELLA ARTOIS 4/6 NR - 11.2OZ",24,1.998333333,47.959999992,18,48,0,49,0,90,72,6,24,36,36,30,90,36,37,24,42,103,72,50,72,72,54,137,78,24,144,63,66,72,45,36,96,99,80,73,114,54,78,62,96,61,63,36,36,144,66,108,72,42,168,156,42,3498
69086,"BLUE MOON BLGM WHTE ALE 2/12NR - 12OZ",24,1.749166667,41.980000008,48,60,12,24,48,60,36,0,24,24,24,84,0,0,84,24,48,84,36,108,156,84,96,96,72,120,132,108,36,72,72,36,60,60,84,96,24,12,48,48,48,48,96,24,48,84,48,108,36,96,108,108,12,3230
249230,"FIREBALL WHISKY 10PK SLV - 50ML",120,1.09,130.8,20,80,10,110,100,80,130,40,30,20,60,100,50,80,0,70,50,70,60,60,60,90,90,50,60,50,90,120,40,80,60,20,60,20,50,70,40,30,50,50,80,30,20,20,40,40,40,40,0,0,0,0,0,2831
5932,"MODELO ESPECIAL 4/6 NR - 12OZ",24,1.831666667,43.960000008,24,60,6,48,12,24,60,0,24,42,30,72,66,12,30,54,42,60,72,54,90,66,54,48,42,60,78,48,84,24,36,66,48,48,18,90,36,18,36,12,60,18,30,30,36,42,54,48,6,12,42,0,48,2246
53929,"TITO'S HANDMADE VODKA - 1.75L",6,30.99,185.94,24,42,47,46,35,54,56,40,42,40,46,36,38,30,44,35,46,34,32,47,55,26,39,57,34,42,56,33,36,44,47,45,38,31,34,35,27,36,37,36,41,48,47,46,52,41,47,71,39,36,52,45,24,2228
70058,"NEW AMSTERDAM VODKA - PINK WHITNEY - 50ML",120,1.09,130.8,17,35,31,31,36,36,39,27,18,30,35,14,18,29,47,27,35,40,50,41,39,56,15,21,25,34,18,1,48,26,55,37,24,50,35,27,64,34,76,65,73,48,81,99,66,72,33,43,63,77,66,36,9,2273
18467,"SCOTTY'S VODKA 50ML",96,0.99,95.04,21,36,16,22,10,0,0,0,3,26,23,23,32,37,32,26,47,36,20,30,34,45,8,13,28,13,29,37,41,45,29,42,11,22,33,55,29,44,54,55,49,77,55,46,59,78,74,67,40,51,41,38,10,1889
76288,"NEW AMSTERDAM VODKA - 50ML",120,1.09,130.8,49,36,18,15,0,0,0,0,0,0,20,18,29,51,28,28,56,60,40,30,0,39,47,24,17,27,58,28,29,33,37,37,39,46,13,37,55,37,53,50,64,39,61,67,72,60,10,38,34,32,50,27,9,1868
72446,"TITO'S HANDMADE VODKA - 50ML",60,2.49,149.4,28,48,40,13,25,32,29,23,14,43,14,21,28,12,23,61,35,33,39,41,17,24,63,34,47,58,46,33,50,9,0,0,39,50,54,77,57,30,77,36,45,15,9,30,8,38,58,13,21,14,34,33,15,1798
25454,"ANGRY ORCHARD CRISP APPLE 4/6 NR",24,1.831666667,43.960000008,18,6,24,6,24,24,36,24,12,6,12,24,12,18,18,30,6,30,12,36,12,36,18,66,36,156,36,18,60,24,24,36,42,24,30,42,12,36,36,60,30,36,6,42,48,54,24,48,24,48,48,60,18,1694
23193,"GUINNESS STOUT 2/12 NR",24,1.85625,44.55,36,24,0,0,24,24,60,60,36,72,108,60,12,0,24,0,24,48,36,156,0,0,0,0,0,0,0,0,48,48,0,0,24,36,24,36,48,24,0,36,60,36,36,12,60,24,24,36,36,12,84,48,24,1646
359430,"FIREBALL CINNAMON WHISKY CARRIER - 6/50ML",120,1.09,130.8,6,24,84,24,54,36,54,60,42,12,36,36,48,36,60,12,30,18,30,18,36,36,24,24,0,24,18,0,18,12,36,24,48,30,30,24,6,24,12,6,36,18,0,18,18,18,36,18,54,60,66,60,48,1723
97802,"CORONA LT 4/6 NR - 12OZ",24,1.665,39.96,0,0,0,48,0,36,30,24,6,18,24,18,54,54,30,12,30,30,24,54,12,36,30,54,48,12,72,30,18,42,90,0,24,66,30,24,24,36,36,18,12,18,18,12,6,18,24,42,0,12,18,24,66,1490
35211,"SMIRNOFF VODKA - 50ML",120,0.99,118.8,11,20,25,25,46,39,42,37,34,37,29,14,23,35,13,28,24,26,47,1,0,0,24,42,21,18,32,10,20,19,25,32,10,21,27,39,48,31,14,47,9,65,38,60,28,26,33,27,26,29,35,16,6,1555
251036,"YUKON JACK 100PF LIQUEUR - 50ML",120,1.09,130.8,21,35,20,5,8,5,6,18,10,16,2,4,5,21,21,26,21,22,11,24,25,37,0,33,47,27,26,47,13,18,23,30,66,17,70,56,17,41,10,44,28,37,57,65,50,13,61,27,35,20,60,16,13,1551
50744,"WHITE CLAW VARIETY PACK #1  2/12PK 12.OZ CAN",24,1.749166667,41.980000008,36,12,12,12,0,36,36,12,24,0,24,12,12,12,12,24,48,12,36,36,36,24,48,36,36,36,24,24,60,60,12,24,12,36,48,0,0,24,36,60,24,12,12,24,48,48,12,48,24,48,36,24,12,1442
13869,"CUTWATER LIME MARGARITA 6/4 CAN",24,3.2475,77.94,24,24,8,32,20,36,44,16,0,0,24,24,24,20,28,24,48,48,48,24,52,20,20,28,48,28,40,24,12,40,8,20,16,44,48,8,40,8,0,0,16,24,12,44,36,16,20,36,16,44,20,48,20,1399
48978,"TRULY LEMONADE SELTZER VARIETY 12PK 120Z CAN",24,1.665833333,39.979999992,0,0,24,0,0,0,12,24,0,0,0,12,0,24,24,0,12,48,36,0,48,24,24,48,36,36,36,60,48,60,48,48,36,24,48,24,60,36,0,0,48,24,48,72,24,36,24,12,36,36,24,12,12,1394
348422,"FIREBALL CINNAMON WHISKY PARTY BUCKET - 20/50ML",120,1.09,130.8,20,20,0,0,0,20,0,40,20,20,0,0,0,20,60,20,0,40,60,20,20,20,40,20,80,40,40,20,60,0,0,20,20,40,20,40,20,0,20,20,0,60,40,20,40,20,60,60,20,0,120,0,20,1481
96180,"MIKES VARIETY 12 PK NR - 11.2OZ",24,1.99,47.76,12,0,12,24,24,24,12,12,24,36,0,36,48,24,36,12,24,24,12,36,25,36,36,36,12,48,60,0,36,24,36,12,36,24,24,36,12,12,12,12,48,0,0,24,36,36,0,48,0,12,24,72,12,1299
7617,"MICHELOB ULTRA 4/6 NR - 12OZ",24,1.665,39.96,0,12,36,18,0,36,36,6,18,36,12,12,36,12,12,36,24,18,12,12,30,42,18,24,102,24,0,12,48,18,0,24,12,6,18,18,72,18,30,0,0,24,6,36,78,6,0,0,0,12,114,36,6,1244
72777,"TITO'S HANDMADE VODKA - 750ML",12,18.99,227.88,18,29,22,18,22,28,23,18,22,23,29,25,24,31,31,25,23,21,43,26,28,34,30,12,18,12,28,14,19,16,19,12,23,22,28,24,14,5,16,10,21,19,21,22,24,31,24,37,27,20,44,31,11,1248
94250,"SMIRNOFF ICE 4/6 NR - 12OZ",24,1.55125,37.23,6,36,12,24,6,6,24,0,12,6,12,30,30,12,0,18,18,30,12,24,42,36,24,30,61,1,68,14,30,24,42,12,48,12,72,36,30,0,6,42,6,24,30,12,36,0,12,24,18,12,30,30,30,1238
97551,"NEGRA MODELO 4/6 NR - 12OZ",24,1.831666667,43.960000008,24,18,18,18,24,12,30,30,12,12,18,12,18,18,6,24,30,36,12,6,36,24,18,24,54,6,30,24,42,24,18,36,18,24,24,36,36,24,12,36,12,18,12,36,30,18,66,30,6,0,18,24,12,1232
71983,"HIGH NOON SUN SIPS TRP VAR 8PK - RTD - 355ML",24,2.49875,59.97,0,8,24,16,0,48,8,8,0,24,24,0,32,16,8,0,0,8,40,32,80,16,56,24,48,48,40,16,0,40,32,56,16,32,56,40,16,24,16,8,56,24,16,16,8,8,8,8,16,16,16,8,0,1186
52057,"HIGH NOON SUN SIPS TEQUILA   - VARIETY 8 PACK  - 355ML",24,2.74875,65.97,16,32,8,16,0,16,8,8,16,32,8,24,16,8,0,16,8,0,16,8,32,16,48,40,64,16,128,40,32,48,40,24,16,16,32,24,8,24,56,24,8,16,24,16,16,16,16,16,8,0,8,0,8,1163
251018,"MARGARITAVILLE SILVER TEQUILA - 50ML",120,1.19,142.8,7,35,11,21,24,28,23,42,25,11,41,29,41,44,16,1,36,23,11,18,19,31,25,23,60,0,28,7,35,12,12,13,10,26,9,28,45,25,37,11,2,1,11,2,2,26,50,14,10,0,37,7,5,1231
76293,"NEW AMSTERDAM VODKA - GRAPEFRUIT - 50ML",120,1.09,130.8,2,5,4,3,14,26,46,20,5,2,9,1,5,6,7,4,9,9,18,38,38,42,47,20,11,24,4,1,6,25,3,24,19,14,15,13,9,9,12,40,12,32,24,34,40,39,40,31,69,51,40,59,4,1205
44532,"SMIRNOFF VODKA - WATERMELON - 50ML",120,0.99,118.8,20,22,0,32,18,30,17,32,0,0,0,0,13,37,19,11,29,11,15,38,42,16,13,22,37,10,14,23,0,4,9,9,12,63,29,5,0,18,64,11,29,32,68,16,12,12,10,13,21,32,26,12,16,1165
19114,"CUTWATER MARGARITA VP 2/12 200ML CANS",24,2.3325,55.98,24,12,0,12,0,12,0,12,12,0,12,0,12,24,24,36,0,48,12,24,48,0,24,24,24,96,24,36,36,36,36,0,12,12,0,0,24,36,24,24,48,36,24,12,12,12,36,12,0,12,12,36,0,1070
78068,"SIERRA NEVADA HAZY LITTLE THING IPA 4/6 CAN - 12OZ",24,1.831666667,43.960000008,12,0,18,6,12,12,30,0,18,18,24,0,30,24,6,12,12,42,0,18,6,24,24,0,30,36,12,6,36,12,30,30,6,30,24,12,48,0,24,24,18,24,30,36,30,24,30,24,12,12,24,30,30,1058
37093,"WHITE CLAW VP 3  2/12PK 12.OZ CAN",24,1.749166667,41.980000008,12,24,0,0,0,24,12,0,0,24,12,0,24,12,12,0,36,0,36,12,24,12,36,36,36,0,72,24,36,60,0,0,24,12,108,0,24,36,36,24,0,36,12,0,24,12,12,24,12,24,0,12,0,1034
71009,"HIGH NOON VARIETY PACK - 355ML - 12PK",24,2.665833333,63.979999992,36,0,12,24,0,0,0,36,12,0,24,12,12,24,12,12,12,24,0,0,12,0,0,12,36,12,48,24,0,12,12,36,12,12,84,108,24,0,72,48,0,24,0,12,36,36,0,0,0,24,0,36,12,1023
81781,"BAREFOOT CEL CHARD - 187ML",24,1.99,47.76,16,6,0,24,20,4,8,38,26,21,3,21,20,4,30,44,20,5,26,20,20,6,39,9,18,29,16,32,24,20,16,24,30,6,29,19,2,36,25,28,29,16,12,18,35,27,26,4,12,8,4,6,8,1015
82889,"LA MARCA PROSECCO - 750ML",12,18.99,227.88,0,8,4,12,8,19,21,15,6,13,2,8,15,15,15,8,5,22,30,22,31,9,11,25,12,11,24,13,14,14,12,12,8,8,17,14,15,12,19,11,13,19,21,16,27,55,38,48,14,23,37,75,43,1000
97616,"DOS EQUIS LAGER 4/6 NR - 12OZ",24,1.665,39.96,6,6,42,6,18,12,12,6,6,12,6,12,24,12,0,30,12,24,12,24,24,48,0,12,12,12,36,24,6,12,24,42,18,12,12,12,18,0,36,0,12,0,6,18,102,12,36,30,18,18,24,36,12,992
88581,"HIGH NOON SUN SIPS END ZONE PACK -  8PK   - RTD - 355ML",24,2.49875,59.97,8,16,8,16,96,8,16,24,24,16,40,16,0,8,0,8,8,0,8,16,0,16,32,16,24,24,24,16,24,16,16,8,24,8,24,32,16,16,16,16,8,56,8,16,24,0,16,32,8,16,24,16,32,986
89410,"FIREBALL CINN WHISKY TAILGATE GAME DAY BAG 8/15PK - 50ML",120,1.09,130.8,0,0,0,0,0,0,0,0,0,0,0,0,0,0,0,0,0,0,0,0,0,0,0,0,0,0,0,0,0,0,0,0,0,0,0,0,0,0,0,0,0,0,0,0,0,0,0,0,0,0,0,0,0,121
36780,"WHITE CLAW VARIETY PACK #2  2/12PK 12.OZ CAN",24,1.749166667,41.980000008,0,12,72,0,0,0,12,24,0,12,0,36,12,0,0,0,12,36,24,48,12,60,12,24,60,36,24,24,24,12,0,0,36,24,84,0,12,24,12,24,12,12,0,24,12,0,0,24,0,12,12,24,12,974
93785,"SAM ADAMS BOSTON LAGER 4/6 LN - 12OZ",24,1.831666667,43.960000008,18,24,36,24,6,36,12,12,12,12,30,18,12,12,12,12,18,12,18,18,48,12,18,6,24,6,18,18,6,12,18,6,0,24,18,18,12,24,24,6,0,12,6,18,12,6,6,24,24,42,12,54,48,962
76290,"NEW AMSTERDAM VODKA - PEACH - 50ML",120,1.09,130.8,25,30,13,3,26,11,32,16,14,19,10,1,7,4,2,13,4,13,15,17,23,10,21,30,6,9,8,5,15,24,13,4,12,6,16,15,17,15,33,28,35,22,16,19,7,26,25,16,34,39,37,20,7,1009
7838,"FLYING DOG VARIETY PACK 2/12 NR - 12OZ",24,1.999166667,47.980000008,12,12,12,12,12,12,24,0,24,12,12,24,12,12,12,24,36,12,0,12,12,0,24,12,24,12,24,0,12,12,36,0,24,48,0,12,0,24,0,48,12,36,0,24,24,12,24,0,36,24,36,36,0,902
70083,"HIGH NOON SUN SIPS 8 PK VARIETY  - RTD - 355ML",24,2.49875,59.97,0,8,0,8,0,16,40,16,16,8,0,16,16,0,16,8,0,24,8,8,72,8,32,40,32,16,32,32,16,48,16,48,8,16,0,8,48,0,8,16,16,24,8,8,8,8,16,24,0,8,16,8,8,882
38067,"BACARDI RUM GOLD - 50ML",120,1.19,142.8,9,7,1,2,12,33,28,21,18,20,29,23,24,12,18,27,3,14,3,19,17,13,8,25,29,23,34,18,14,18,30,29,31,0,3,7,7,4,31,25,43,0,0,0,11,17,25,7,16,19,16,6,2,972
18228,"CUTWATER MANGO MARGARITA 6/4 CAN",24,3.2475,77.94,0,4,20,24,4,16,12,16,8,24,20,24,4,8,44,8,24,4,16,8,44,28,16,32,0,24,48,16,32,0,12,16,20,8,28,12,12,12,12,16,16,20,32,8,16,12,4,12,16,0,16,20,0,875
69418,"LEFFE BLONDE 4/6NR - 11.2OZ",24,1.998333333,47.959999992,12,18,0,12,0,36,24,0,12,42,12,6,12,18,6,6,6,36,12,24,6,12,18,36,36,6,6,6,24,24,12,30,24,30,30,6,12,6,12,6,18,18,24,18,6,18,18,12,6,18,36,18,0,872
72664,"NEW AMSTERDAM VODKA - PASSION FRUIT  - 50ML",120,1.09,130.8,5,7,20,21,15,19,5,10,17,20,18,18,11,9,6,15,16,27,35,12,22,5,0,10,3,13,6,17,11,26,15,16,12,17,20,17,16,12,18,27,26,49,0,6,16,24,18,13,30,9,29,23,6,959
84271,"SUTTER HOME CHARD - 187ML",24,2.99,71.76,0,12,2,1,212,0,12,0,7,21,0,16,20,8,4,2,5,5,5,14,12,8,8,8,3,12,4,2,1,4,6,13,10,13,5,4,18,8,1,4,9,14,16,18,13,193,12,16,8,28,4,5,0,853
94390,"SIERRA NEVADA PALE ALE 4/6 NR - 12OZ",24,1.800833333,43.219999992,0,18,6,24,18,18,36,24,0,0,42,18,6,0,24,24,6,0,6,24,24,18,18,36,0,36,18,24,12,12,12,18,12,18,24,6,30,6,18,0,24,18,6,6,6,24,18,12,12,30,12,6,6,842
37007,"TRULY FRUIT PUNCH SLTZR VP 12PK CAN",24,1.665833333,39.979999992,0,0,12,24,0,0,0,24,12,24,24,0,0,24,12,24,12,12,0,0,0,0,0,12,12,60,36,48,48,24,0,24,0,12,36,12,24,0,36,0,12,24,0,36,0,12,0,48,0,12,12,36,24,830
51003,"HEINEKEN 0.0 NA 4/6PK 11.2.OZ NR",24,1.831666667,43.960000008,6,6,12,12,12,24,6,6,6,6,0,0,24,24,12,24,12,24,24,18,30,30,6,36,24,24,0,18,12,18,12,18,12,24,6,6,18,0,0,12,6,30,0,30,18,54,6,12,18,12,6,30,6,818
51159,"NEW BELGIUM VOODOO RANGER HOPPY VP 2/12 CAN",24,1.999166667,47.980000008,0,0,0,0,0,0,0,0,0,0,0,0,0,0,0,0,0,0,0,0,0,0,0,0,0,0,0,0,0,0,0,0,0,0,0,0,0,0,0,0,0,0,0,0,0,0,0,0,0,0,0,0,0,26
84678,"APOTHIC CAL RED BLEND - 750ML",12,12.99,155.88,6,15,12,19,32,0,26,25,9,7,3,10,13,9,8,15,13,10,14,14,4,10,9,7,11,13,23,23,19,8,16,5,5,22,6,18,13,13,8,27,18,20,18,28,24,17,17,26,25,15,22,20,11,806
251016,"MARGARITAVILLE GOLD TEQUILA - 50ML",120,1.19,142.8,15,26,16,0,0,0,0,20,40,37,35,44,56,8,0,5,0,20,3,4,14,11,26,36,0,2,0,0,0,23,16,3,10,7,3,15,6,23,13,0,0,4,32,6,8,15,5,32,10,56,50,17,2,895
49247,"DON JULIO TEQUILA - REPOSADO - 750ML",6,55.99,335.94,3,18,1,5,0,38,4,0,1,7,22,6,17,5,7,11,14,24,14,7,26,1,32,4,28,15,45,8,0,0,0,29,21,22,18,0,19,33,5,5,9,30,31,5,30,21,17,16,29,1,37,25,6,834
1880,"MIKES LEMONADE 4/6 NR - 11.2OZ",24,1.99,47.76,18,6,24,6,18,30,24,12,6,0,24,12,36,12,18,12,12,18,24,0,30,18,0,24,48,12,42,24,0,0,24,24,18,19,12,18,0,18,0,6,7,7,14,0,18,12,0,12,18,0,6,18,6,793
97667,"BECKS 2/12 NR - 12OZ",24,1.665833333,39.979999992,0,2,36,12,25,12,24,0,12,0,12,1,0,0,0,48,13,24,0,24,0,14,36,1,36,12,0,24,12,12,12,0,12,0,24,0,0,12,12,0,36,12,36,0,0,36,24,0,0,60,24,48,24,790
62740,"JAMESON IRISH WHISKEY - 50ML",120,3.39,406.8,12,13,14,7,16,9,4,8,16,11,13,19,12,16,9,15,13,27,17,15,14,19,21,14,27,11,9,15,11,19,30,23,7,32,13,27,15,12,3,18,15,11,13,5,8,14,12,11,13,17,17,9,12,886
23320,"SIERRA NEVADA TORPEDO EXTRA IPA 4/6 NR - 12OZ",24,1.800833333,43.219999992,0,18,12,12,18,24,30,18,12,18,12,12,6,18,18,12,24,12,12,12,42,12,18,12,12,12,18,6,18,0,24,12,24,18,18,18,6,30,6,6,12,12,6,12,18,12,6,18,6,18,6,18,6,788
50643,"TRULY SPIKED & SPARKLING BERRY VARIETY 12 PK CAN",24,1.665833333,39.979999992,0,24,12,12,12,12,0,0,12,12,0,0,24,24,12,24,24,12,0,0,48,24,24,12,12,12,0,12,12,12,12,24,13,24,24,12,12,0,1,48,24,24,12,12,0,24,24,36,12,0,24,0,0,772
25603,"FLYING DOG THE TRUTH 4/6NR - 12OZ",24,2.165,51.96,0,8,12,24,0,6,12,0,30,6,12,30,6,12,6,12,12,12,18,18,12,18,12,18,36,0,30,6,12,12,0,18,30,12,12,18,12,12,12,6,12,6,18,18,12,12,24,18,24,12,24,12,6,748
26646,"JACK DANIELS BLACK - 50ML",120,2.29,274.8,16,17,18,18,19,13,15,13,16,14,17,16,13,15,21,8,11,12,12,7,10,11,5,20,14,11,48,11,8,7,13,20,13,2,13,15,29,25,15,19,24,29,35,11,22,0,0,0,0,0,0,0,0,843
93238,"SAM ADAMS SUMMER ALE 4/6 LN - 12OZ",24,1.831666667,43.960000008,0,0,0,0,0,0,0,0,0,0,0,0,12,0,12,30,96,54,6,30,24,30,30,60,24,36,60,6,6,12,18,30,24,12,0,0,0,0,0,24,0,24,0,0,0,24,0,24,0,0,0,0,0,734
50730,"DOGFISH HEAD (SUMMER) VP 2/12PK CAN",24,1.749166667,41.980000008,0,0,0,0,24,24,72,0,0,0,0,0,0,24,12,12,12,36,48,12,48,36,36,36,36,24,48,36,0,24,36,0,36,12,0,0,0,0,0,0,0,0,0,0,0,0,0,0,0,0,0,0,0,710
63572,"DC BRAU CORE VARIETY 2/12 CANS",24,1.8325,43.98,0,0,0,0,0,0,0,0,0,0,0,0,0,0,0,0,0,0,0,0,0,0,0,0,0,0,0,0,0,0,0,0,0,0,0,0,0,0,0,0,0,0,0,0,0,0,0,0,0,0,0,0,0,26
94005,"SAM ADAMS OCTOBERFEST 4/6 LN - 12OZ",24,1.831666667,43.960000008,0,0,0,0,0,0,0,0,0,0,0,0,0,0,0,0,0,0,0,0,0,0,0,0,0,0,0,0,0,0,0,0,0,0,24,84,78,84,66,60,36,66,84,66,30,0,0,0,0,0,0,0,0,704
81772,"BAREFOOT CEL P/GRIG - 187ML",24,1.99,47.76,2,12,3,4,21,15,8,13,10,8,16,9,8,19,14,22,5,18,15,14,20,1,19,5,45,4,24,24,24,22,2,38,11,36,17,17,17,17,10,7,9,11,15,0,4,8,1,0,5,7,4,8,2,696
18884,"CUTWATER LONG ISLAND ICE TEA 6/4 CAN",24,3.2475,77.94,0,8,12,16,4,16,8,8,12,4,16,4,24,4,16,8,12,12,20,16,16,16,8,8,16,20,20,12,8,24,12,28,8,16,8,0,36,12,20,24,4,12,16,8,16,12,4,16,8,24,8,4,4,695
50714,"MILWAUKEE BEST ICE 2/15PK CAN 12OZ",30,0.732666667,21.98000001,0,0,0,0,0,0,15,0,15,0,0,0,15,0,15,0,0,0,30,0,30,0,15,15,30,0,90,15,0,15,60,0,30,15,0,45,0,30,0,0,30,0,0,0,45,0,15,30,15,0,0,0,30,676
95710,"GUINNESS DRAFT 6/4 CANS - 14.9OZ",24,2.4975,59.94,0,0,0,0,0,24,12,8,24,12,40,0,28,12,4,8,8,9,6,8,28,21,4,24,20,20,12,20,4,8,13,16,12,8,4,8,12,0,12,0,8,12,16,8,16,32,12,16,8,24,8,24,8,667
69264,"GRAND MARNIER CORDON ROUGE - 50ML",120,4.49,538.8,0,6,1,7,6,16,2,26,8,4,1,1,4,1,27,1,13,6,9,42,11,0,6,2,26,16,2,28,6,7,26,0,2,3,4,2,24,11,29,4,7,31,21,31,10,42,2,43,17,7,1,7,7,740
38113,"BACARDI SUP WHITE RUM - 50ML",120,1.19,142.8,7,12,3,11,8,8,6,7,0,16,6,7,7,8,13,4,1,4,6,8,8,2,8,6,2,16,16,30,13,6,17,0,0,0,0,0,6,16,39,34,23,34,15,22,16,27,10,26,21,6,21,23,5,731
84147,"GOSLINGS GINGER BEER-NA-4/6 CAN - 12OZ (SODA)",24,1.498333333,35.959999992,18,12,12,12,12,12,0,6,18,12,12,12,12,12,12,6,18,0,6,12,12,0,6,6,24,12,12,12,18,24,6,12,6,12,30,6,0,18,12,18,6,18,12,12,18,6,12,12,12,12,0,12,6,625
35220,"SMIRNOFF VODKA - CITRUS TW - 50ML",120,0.99,118.8,9,9,22,15,14,0,4,6,6,7,11,5,4,10,12,18,13,20,5,14,22,8,4,3,4,2,12,53,71,0,9,3,6,4,27,31,31,8,2,7,0,0,17,6,12,1,24,3,4,2,4,5,5,715
23080,"FLYING DOG DBL DOG PALE ALE 4/6 NR - 12OZ",24,2.665,63.96,6,6,6,18,12,12,12,6,12,12,18,12,6,12,12,12,12,18,18,30,24,18,6,12,12,12,6,12,18,12,12,0,6,6,6,18,18,6,18,12,6,6,12,0,18,12,6,18,12,6,12,0,0,621
36080,"ABSOLUT VODKA - 80 PROOF - 50ML",120,2.59,310.8,16,6,11,9,29,9,10,11,25,21,24,11,14,12,15,15,20,13,9,9,1,11,6,6,0,0,4,8,6,2,18,24,9,13,14,0,12,13,16,8,8,14,13,29,13,7,14,16,3,5,4,2,3,714
41254,"HENNESSY COGNAC VS - 750ML",12,39.99,479.88,4,26,16,13,7,21,9,9,13,16,11,30,12,7,9,7,19,11,25,11,6,6,3,10,11,4,8,11,10,8,7,16,6,5,17,14,10,16,7,8,6,6,10,12,9,10,14,16,9,12,14,8,1,638
97837,"RED STRIPE 4/6 NR - 12OZ",24,1.665,39.96,6,0,18,0,12,18,6,0,12,0,6,18,12,12,6,30,0,18,6,12,12,18,12,18,48,30,18,0,18,12,6,0,0,12,0,18,6,0,0,12,0,0,12,24,12,12,12,24,6,0,0,12,36,608
73927,"HIGH NOON SUN SIPS POOL PARTY PACK -  8PK   - RTD",24,2.49875,59.97,0,0,8,24,0,16,8,16,8,8,0,8,8,0,8,8,16,8,16,8,24,0,0,8,24,16,32,8,24,16,8,24,16,48,16,32,0,0,0,0,0,24,8,16,0,0,8,16,0,8,8,8,16,602
71814,"TITO'S HANDMADE VODKA - 50ML 4/PK",60,2.49,149.4,0,0,0,0,0,0,0,0,0,0,0,0,0,0,0,0,0,0,16,24,12,20,36,12,0,8,24,16,12,20,24,20,8,24,20,0,28,20,4,20,16,24,16,44,8,12,8,0,16,16,36,6,3,635
17353,"BUFFALO TRACE BOURBON - 750ML",12,29.99,359.88,1,12,0,0,12,0,0,0,0,0,0,0,0,0,0,12,12,24,0,0,0,0,52,43,1,0,0,0,41,19,0,0,0,41,7,0,37,11,0,0,0,27,20,1,43,5,0,47,1,41,6,49,0,607
23812,"LEINENKUGEL SUMMER SHANDY 2/12 CAN - 12OZ",24,1.749166667,41.980000008,0,0,0,0,0,0,0,0,0,0,0,0,0,0,0,0,0,0,0,0,0,0,0,24,60,60,84,24,48,24,24,36,36,36,12,12,12,36,0,0,0,0,0,0,12,0,12,0,0,0,0,0,0,578
71759,"HIGH NOON SUN SIPS EL PRES PACK - RTD 2/12PK - 355ML",24,2.665833333,63.979999992,0,0,0,0,0,0,0,0,0,0,0,0,0,0,0,0,0,0,0,0,0,0,0,0,0,0,0,0,0,0,0,0,0,0,0,0,0,0,0,0,0,0,0,0,0,0,0,0,0,0,0,0,0,27
70604,"TRULY SPIKED & SPARKLING CITRUS VARIETY 12PK 12 0ZCAN",24,1.749166667,41.980000008,12,12,0,0,12,12,12,0,12,12,12,12,12,24,0,12,0,36,0,0,24,0,12,24,0,0,24,0,0,0,0,0,0,48,24,24,36,0,0,0,0,12,24,0,0,12,24,0,0,12,12,24,12,566
26639,"DC BRAU CORRUPTION IPA 4/6 CANS - 12OZ",24,1.831666667,43.960000008,0,0,12,6,0,6,19,0,0,6,0,20,6,12,25,6,18,24,0,24,24,6,6,0,19,6,12,6,6,18,24,12,12,6,24,12,18,12,0,12,12,18,6,18,12,0,6,0,0,18,6,6,12,559
379041,"SURFSIDE STARTER PACK 3/8PK 12OZ CAN",24,2.24875,53.97,0,0,0,0,0,0,0,0,0,0,0,0,0,0,0,0,0,0,0,0,16,16,16,0,0,0,0,8,32,16,32,8,40,8,24,32,24,8,16,24,32,0,0,32,16,16,16,24,0,24,24,8,16,554
241601,"DOGFISH HEAD BAR CART VARIETY PACK - 3/8 CAN",24,2.49875,59.97,0,0,16,8,0,24,16,8,8,8,0,0,8,16,16,8,0,8,16,0,8,40,16,16,16,8,24,24,24,24,16,16,16,0,0,0,0,0,8,8,16,0,0,8,8,16,8,0,8,0,16,8,16,554
72042,"NEW AMSTERDAM VODKA - WATERMELON - 50ML",120,1.09,130.8,0,0,0,0,16,5,3,0,13,10,7,2,15,2,8,7,8,8,4,6,15,19,5,0,13,5,7,12,18,12,22,10,6,7,13,11,26,29,10,21,7,0,0,28,17,27,30,9,7,0,3,14,6,644
10112,"ALLAGASH WHITE 4/6 NR",24,2.165,51.96,0,0,0,0,6,18,18,6,6,18,0,12,18,24,12,30,24,12,6,18,18,18,6,24,0,12,18,18,0,0,24,0,6,0,12,12,0,6,18,6,12,0,12,18,6,6,0,6,0,12,0,18,6,548
96920,"PERONI 4/6 NR - 12OZ",24,1.842916667,44.230000008,12,6,18,6,12,6,12,6,12,6,0,18,0,6,6,18,6,12,24,0,0,0,6,0,18,0,24,12,0,12,24,18,12,12,18,18,0,18,12,24,6,12,6,0,6,24,0,18,6,12,6,6,0,542
25391,"NEW BELGIUM TRIPPEL BELGIAN STYLE ALE 4/6NR - 12OZ",24,2.165,51.96,6,12,12,0,0,18,12,12,6,18,12,12,0,12,0,12,12,24,12,18,12,12,12,12,18,6,12,12,0,6,6,12,18,6,18,0,6,0,6,18,12,0,12,12,18,0,6,18,0,12,6,0,18,542
251038,"YUKON JACK APPLE LIQUEUR - 50ML",120,1.09,130.8,5,1,0,16,32,23,16,9,12,6,5,7,20,22,23,31,21,0,0,0,0,0,0,0,0,0,0,0,0,0,0,0,0,0,0,0,9,19,28,6,14,18,11,6,5,0,27,15,36,15,25,15,17,636
62847,"TITO'S HANDMADE VODKA - 1L",12,26.99,323.88,9,8,8,13,8,9,8,9,14,10,9,9,9,9,12,4,9,10,11,8,14,5,5,5,6,6,18,6,11,7,8,9,11,14,11,11,9,6,7,9,12,10,8,8,12,3,8,10,6,10,13,32,12,547
379464,"DOGFISH HEAD TROPICAL BAR CART VARIETY 3/8 CAN",24,2.49875,59.97,0,0,0,0,0,0,8,16,8,0,8,0,0,8,8,8,0,24,0,8,33,24,8,16,8,32,8,8,0,0,16,0,0,0,0,0,0,24,16,8,16,24,24,24,8,8,16,32,8,0,8,40,0,531
96199,"DOS EQUIS AMBER BEER 4/6 NR - 12OZ",24,1.665,39.96,0,36,0,12,18,6,6,12,0,18,18,0,6,6,12,6,0,18,18,24,18,6,0,24,0,12,12,6,6,6,0,6,12,6,6,6,6,18,6,6,12,6,0,18,24,0,18,6,6,0,12,12,12,530
88137,"HEAVY SEAS LOOSE CANNON 4/6NR - 12OZ",24,2.165,51.96,0,0,12,18,0,14,12,2,12,13,12,12,12,18,12,6,6,0,24,6,18,18,6,18,6,0,6,6,12,12,18,6,6,6,6,0,18,12,0,6,0,12,24,0,12,36,6,24,0,12,0,6,0,529
241476,"99 SCHNAPPS FRUIT PARTY PACK - 10PK/50ML",120,1.09,130.8,20,20,0,10,0,10,20,40,20,10,0,10,0,0,20,0,0,20,10,10,40,0,10,10,0,10,0,20,20,0,50,0,10,20,20,0,10,0,10,0,0,0,10,10,0,0,0,0,0,0,20,10,0,621
38237,"JOSE CUERVO GOLD TEQUILA- SQUARE - 375ML",12,12.99,155.88,5,4,7,2,9,9,5,0,6,6,0,10,5,1,5,1,1,6,6,6,7,8,7,9,4,4,4,246,6,4,2,3,5,7,5,4,5,4,7,5,6,3,4,3,5,6,6,5,4,6,5,5,2,525
11835,"JIM BEAM WHITE - 50ML",120,1.19,142.8,8,11,1,10,2,0,3,2,6,3,15,13,7,11,2,16,3,0,6,11,10,10,4,7,8,7,9,3,11,22,6,5,8,14,11,5,13,0,10,8,8,8,13,22,18,17,6,14,20,25,19,23,3,618
72172,"DEEP EDDY VODKA - LEMON - 50ML",120,1.49,178.8,0,0,0,0,0,0,0,0,0,0,14,2,8,6,18,9,9,9,10,7,29,14,12,10,24,22,13,3,18,3,45,3,10,4,34,22,0,0,0,0,0,0,0,13,3,23,35,19,10,12,3,7,9,613
14181,"DEVILS BACKBONE ORANGE SMASH RTD 6/4 CANS",24,3.2475,77.94,0,16,4,4,0,4,16,8,8,4,0,0,24,12,4,8,0,0,8,8,8,12,4,8,16,16,36,16,4,8,4,12,8,12,20,16,24,24,12,12,4,4,0,16,16,8,8,4,8,4,4,4,12,519
72182,"DEEP EDDY VODKA - LIME  - 50ML",120,1.49,178.8,13,0,0,0,10,0,0,0,0,0,5,11,8,8,11,13,5,12,9,10,21,6,11,7,14,5,0,0,7,33,12,0,20,2,18,15,32,24,9,0,0,0,0,2,3,1,31,27,29,26,0,7,12,610
96946,"SAPPORO DRAFT 4/6 NR - 12OZ",24,1.831666667,43.960000008,0,12,12,0,0,6,12,24,6,0,0,12,6,18,6,0,0,6,24,0,0,24,12,12,12,18,30,12,0,6,18,18,12,12,12,12,0,12,6,12,0,6,0,0,0,18,12,18,0,0,12,18,12,506
61034,"DOGFISH HEAD 90 MINUTE IMPERIAL IPA 4/6 NR",24,2.331666667,55.960000008,12,0,6,6,18,6,6,6,0,12,18,0,12,0,18,0,0,12,6,6,18,6,24,12,0,6,12,6,12,12,6,18,6,24,12,18,6,0,0,24,12,6,0,18,12,6,24,12,0,0,6,6,0,494
30920,"SAM ADAMS BEER FEST VP 12PK CN",24,1.749166667,41.980000008,0,0,0,0,0,0,0,0,0,0,0,0,0,0,0,0,0,0,0,0,0,0,0,0,0,0,0,0,0,0,0,0,0,0,24,60,96,12,60,60,108,36,12,0,0,0,0,0,0,0,0,0,0,494
248077,"SURFSIDE LEMONADE VARIETY PACK 3/8PK 12OZ CAN",24,2.24875,53.97,0,0,0,0,0,0,0,0,0,0,0,0,0,0,0,0,0,0,0,8,8,0,16,8,8,0,0,16,0,16,16,32,16,8,24,8,56,24,8,0,0,40,8,40,48,0,0,16,0,8,24,0,8,490
26670,"JACK DANIELS BLACK - 375ML",24,13.99,335.76,7,8,6,7,10,9,10,12,0,0,0,8,15,11,10,11,8,5,5,9,5,8,8,7,9,11,9,9,4,7,9,12,9,15,6,6,8,12,8,12,10,14,8,8,16,9,13,2,7,12,13,9,6,490
54200,"HIGH NOON SUN SIPS  ICED TEA  VARIETY  - RTD  8PK  - 355ML -CAN",24,2.49875,59.97,0,0,0,0,0,0,0,0,0,0,0,0,0,0,0,0,0,0,0,0,0,16,24,8,48,0,16,8,24,32,8,16,0,8,32,8,8,24,0,0,16,8,16,48,0,8,24,8,24,8,8,0,0,474
84301,"SUTTER HOME S/BLC - 187ML",24,2.99,71.76,8,16,0,13,4,6,5,16,10,0,13,12,16,0,4,4,8,10,6,12,12,4,4,0,0,6,0,8,4,18,16,0,12,0,30,1,17,0,20,2,14,12,13,12,24,8,0,8,0,0,24,12,0,471
35343,"SMIRNOFF VODKA - 375ML",24,6.99,167.76,5,3,5,7,7,9,12,7,5,0,8,9,12,13,10,13,7,11,11,10,8,6,9,16,6,13,11,18,11,13,8,10,8,11,6,6,0,10,10,12,13,16,11,0,0,0,7,9,11,6,5,4,6,475
17907,"CUTWATER LEMONDROP MARTINI 6/4 CAN",24,3.2475,77.94,0,0,0,0,0,0,0,0,0,0,0,0,0,0,0,0,0,0,0,12,28,8,4,4,4,16,0,4,16,28,20,4,0,20,4,0,16,16,20,32,20,20,16,16,28,20,12,20,16,4,4,8,4,471
411310,"JOSH CELLARS CAB - 750ML",12,17.99,215.88,3,17,8,11,7,6,8,4,6,6,0,9,10,9,5,9,6,1,2,3,10,4,13,12,6,7,1,26,8,7,6,4,10,6,3,15,3,10,7,1,2,3,3,12,9,21,16,27,1,7,15,26,6,467
70219,"CASAMIGOS TEQUILA - BLANCO - 750ML",6,47.99,287.94,7,5,7,17,4,3,6,6,9,5,6,11,10,15,3,13,6,8,9,9,12,4,13,15,5,11,19,5,11,4,2,14,5,3,4,7,7,6,5,5,3,16,12,5,5,14,13,8,9,7,19,7,3,491
73058,"FIREBALL CINNAMON WHISKY - 200ML",48,3.99,191.52,7,17,15,3,8,12,13,11,8,18,9,11,17,8,8,8,4,8,8,5,5,6,8,10,3,4,1,8,4,5,2,8,8,8,8,13,12,10,10,10,12,9,7,3,6,7,8,6,10,10,3,4,1,479
96679,"GROLSCH LAGER 4/6 NR - 12OZ",24,1.831666667,43.960000008,6,6,18,0,0,6,6,0,0,6,6,6,0,18,12,12,6,6,12,6,18,6,6,6,18,6,36,6,18,6,0,0,12,24,6,0,0,0,0,6,12,12,12,24,0,12,6,6,0,6,12,6,12,452
26735,"JACK DANIELS BLACK - 1.75L",6,43.99,263.94,7,6,7,13,10,9,14,13,8,10,6,5,8,4,10,4,4,12,12,7,7,6,7,12,7,12,8,6,1,16,5,4,8,7,5,11,8,9,6,8,7,12,4,7,7,7,9,7,12,12,12,6,2,476
251022,"PAUL MASSON GRANDE AMBER VS - 50ML",120,0.89,106.8,6,5,3,0,4,9,8,3,3,5,11,3,10,2,4,10,7,13,10,14,3,2,11,4,4,3,8,5,11,0,19,13,16,14,8,14,8,12,16,3,2,18,10,12,12,20,3,9,4,5,13,9,3,545
23445,"CORONA EXTRA LOOSE NR - 12OZ",24,1.66625,39.99,7,6,1,4,7,5,15,4,5,9,3,6,2,6,4,11,3,11,9,12,11,16,8,12,12,12,11,6,5,5,12,8,5,2,14,12,6,12,5,6,6,3,11,4,9,7,12,9,4,6,18,18,6,449
29488,"BOLD ROCK APPLE 4/6 NR",24,1.66625,39.99,0,0,0,0,0,0,0,0,0,0,12,6,6,18,0,6,6,0,0,18,12,0,0,12,0,0,12,12,18,0,18,6,0,6,18,6,0,24,18,24,6,18,6,24,24,12,12,12,12,6,6,6,18,446
63871,"SIERRA NEVADA SUMMERFEST 2/12 CANS",24,1.665833333,39.979999992,0,0,0,0,0,0,0,0,0,0,0,0,0,0,0,0,0,0,0,0,0,0,0,0,0,0,0,0,0,0,0,0,0,0,0,0,0,0,0,0,0,0,0,0,0,0,0,0,0,0,0,0,0,26
322463,"CASAMIGOS TEQUILA - REPOSADO - 750ML",6,52.99,317.94,0,18,0,1,4,13,2,5,1,9,2,12,8,2,3,10,12,16,3,3,9,6,11,28,5,3,28,4,15,12,4,9,0,15,10,2,0,8,2,1,5,14,15,1,14,9,8,10,2,7,16,19,3,478
83399,"K JACKSON VINT RES CHARD - 750ML",12,16.99,203.88,1,9,3,9,3,7,4,1,3,5,14,12,6,8,6,12,10,16,5,13,9,2,9,11,6,13,13,9,2,5,2,5,2,5,12,4,6,10,14,4,6,6,3,7,11,5,3,29,4,13,10,25,6,447
13865,"CUTWATER VODKA MULE 6/4 CAN",24,3.2475,77.94,4,4,8,4,0,12,8,4,0,8,8,8,8,12,20,0,4,0,16,4,12,20,0,4,4,20,16,8,16,12,4,12,0,12,4,8,8,8,8,4,8,4,8,8,7,0,8,4,20,8,8,4,12,438
68671,"DENIZENS SOUTHSIDE WEST COAST IPA 4/6 CANS",24,2.165,51.96,6,12,6,6,6,12,6,12,6,0,6,18,0,12,0,0,6,12,18,0,12,12,6,6,12,6,6,0,0,0,12,18,0,12,6,12,12,0,18,0,12,24,0,12,12,6,6,0,12,0,24,6,0,434
41270,"HENNESSY COGNAC VS - 200ML",24,11.99,287.76,15,0,0,4,7,11,7,13,6,0,4,8,10,10,6,12,6,14,4,9,8,11,9,8,4,4,3,3,7,5,4,14,12,4,10,3,11,6,6,10,13,10,14,14,7,8,11,5,3,5,11,9,5,439
241478,"99 SCHNAPPS BIRTHDAY BUCKET - 21PK/50ML",126,0.99,124.74,21,21,63,0,42,21,21,21,42,42,0,21,0,42,21,0,21,0,0,0,0,0,0,0,0,0,0,0,0,0,0,0,0,0,0,0,0,0,0,0,0,0,0,0,0,0,0,0,0,0,0,0,0,526
241456,"99 SCHNAPPS GRAPE - 50ML",120,1.09,130.8,0,0,0,42,17,19,4,3,20,15,0,0,3,2,19,0,11,10,8,2,3,3,4,10,2,6,0,0,0,4,3,2,5,5,5,6,7,7,21,4,2,9,23,9,10,13,7,1,14,7,3,14,4,509
84212,"SUTTER HOME CAB - 187ML",24,2.99,71.76,6,9,12,2,2,9,6,11,4,10,11,3,22,9,12,5,16,3,12,8,8,4,9,11,4,2,0,8,5,0,0,0,0,8,6,8,7,0,4,20,4,17,3,4,4,12,8,20,0,15,9,13,0,412
16390,"JOSE CUERVO GOLD TEQUILA - 50ML",120,2.09,250.8,4,5,10,9,5,2,14,3,15,2,14,8,4,0,3,0,2,9,2,4,9,4,4,3,9,3,10,10,11,8,8,0,3,15,8,14,13,12,14,11,12,14,7,9,3,5,1,3,5,7,17,9,8,506
23772,"FLYING DOG RAGING BITCH BELGIAN IPA 4/6 -NR",24,2.165,51.96,6,18,6,12,12,12,12,0,6,12,0,6,18,0,0,12,18,12,18,0,18,0,0,12,18,0,0,6,18,0,6,0,6,6,12,6,6,0,0,6,6,6,6,6,0,6,6,18,6,0,6,18,0,410
89518,"HIGH NOON SUN SIPS TEQUILA FIESTA -355ML- RTD",24,2.74875,65.97,0,0,0,0,0,0,0,0,0,0,0,0,0,0,0,0,0,0,0,0,0,0,0,0,0,0,0,0,0,0,0,0,0,0,0,0,0,0,0,0,0,0,0,0,0,0,0,0,0,0,0,0,0,27
96172,"AMSTEL LIGHT 4/6 NR - 12OZ",24,1.831666667,43.960000008,6,12,0,12,0,6,12,12,6,7,0,12,0,0,6,6,0,6,6,0,0,18,1,6,12,0,26,12,27,0,1,6,6,8,18,0,18,6,0,12,0,0,0,0,5,6,6,6,6,6,12,42,6,407
42276,"FIREBALL BIRDIE SHOT WHISKY 12/10PK - 50ML",120,1.09,130.8,0,0,0,0,0,0,0,0,0,0,0,0,0,0,0,0,0,0,0,0,0,0,0,0,0,0,0,10,30,0,0,0,0,0,20,0,10,0,0,10,10,40,20,10,60,20,0,0,10,30,30,60,10,501
251040,"YUKON JACK HONEY LIQUEUR - 50ML",120,1.09,130.8,3,9,14,17,20,20,17,20,0,24,32,24,22,4,12,0,0,0,0,0,0,0,0,0,0,0,0,0,0,0,0,0,0,0,0,0,42,3,33,1,9,11,3,19,0,0,0,10,4,0,4,0,2,500
10431,"VICTORY GOLDEN MONKEY 4/6 NR",24,2.331666667,55.960000008,0,6,12,12,12,6,6,6,0,6,18,6,6,6,6,12,6,12,0,12,12,0,6,18,6,6,12,6,6,12,12,0,6,0,6,12,0,6,12,6,6,6,6,6,12,6,0,18,0,0,6,18,0,404
11746,"MAKER'S MARK 90P - 750ML",12,27.99,335.88,10,0,0,11,9,11,5,0,11,9,9,5,12,8,12,10,9,13,5,6,9,3,9,13,9,7,10,1,5,4,5,6,1,4,3,5,8,4,2,4,5,3,5,1,0,6,12,5,12,9,14,26,10,415
25721,"EVOLUTION LOT #3 IPA  4/6NR - 12OZ",24,1.831666667,43.960000008,6,0,0,12,12,0,0,6,0,12,24,6,6,6,0,0,0,0,12,0,12,0,6,24,6,12,6,0,18,6,12,12,12,0,12,6,0,18,6,24,0,0,0,18,0,6,12,18,0,6,12,6,0,398
35866,"BOWMAN'S VODKA - 375ML",24,3.99,95.76,2,12,4,1,6,4,5,5,1,25,2,8,13,10,13,11,6,12,2,8,14,13,12,12,9,9,9,1,7,3,3,5,2,2,4,2,1,3,12,5,6,10,2,12,19,8,9,16,3,0,2,1,3,397
69404,"JOSE CUERVO SILVER TEQUILA 50ML",120,2.09,250.8,0,0,0,0,3,3,4,4,9,3,16,7,9,4,1,7,4,7,8,8,14,25,10,0,12,10,12,12,6,9,9,6,8,20,8,0,0,0,0,0,0,0,0,6,9,5,13,7,4,35,18,9,4,490
251008,"WHEATLEY VODKA - 50ML",120,1.09,130.8,1,2,7,7,13,6,8,4,10,4,0,7,0,7,15,13,0,2,12,11,9,0,8,37,8,5,6,23,0,11,0,9,0,4,2,6,12,15,4,5,8,5,24,3,1,12,2,3,4,6,4,2,0,488
241458,"99 SCHNAPPS LONG ISLAND ICED TEA - 50ML",120,1.09,130.8,5,10,5,4,5,5,8,5,4,2,4,3,6,10,0,6,4,5,2,9,2,13,0,5,0,7,13,0,13,6,7,16,13,14,9,10,19,12,12,9,14,14,4,5,4,5,7,2,4,9,6,7,4,488
10434,"LAGUNITAS IPA 4/6 NR - 12OZ",24,1.998333333,47.959999992,0,6,18,6,0,6,6,12,6,42,0,12,0,0,6,12,0,12,0,0,6,0,6,18,0,12,12,6,6,12,0,12,12,6,12,6,12,0,6,0,0,6,18,6,0,0,12,12,0,6,0,12,6,392
96008,"ASAHI DRY 4/6 NR - 12OZ",24,1.99,47.76,0,0,0,0,0,0,0,0,0,0,0,0,0,0,0,0,0,0,0,0,0,0,0,0,0,0,0,0,0,0,0,0,0,0,0,0,0,0,0,0,0,0,0,0,0,0,0,0,0,0,0,0,0,26
12944,"HABESHA 4/6 NR",24,2.665,63.96,18,6,6,0,0,18,6,0,0,0,6,6,0,0,0,6,0,18,12,6,18,0,12,12,18,6,6,6,6,18,6,24,0,18,6,6,12,0,6,24,0,0,0,0,0,0,6,6,6,0,24,12,0,393
28404,"FLYING DOG BLOODLINE 4/6NR - 12OZ",24,2.165,51.96,6,6,6,0,12,12,6,6,6,0,6,6,18,6,18,0,6,18,12,12,18,6,6,0,12,0,12,12,18,6,0,0,6,0,24,6,0,0,6,12,0,0,0,0,18,0,0,12,18,6,0,0,0,386
71926,"NEW AMSTERDAM VODKA - 375ML",24,6.99,167.76,2,5,12,9,1,3,11,5,5,0,16,6,10,8,6,10,10,6,7,6,3,7,4,9,3,7,4,8,7,4,8,7,11,6,6,1,6,9,12,9,7,8,7,7,8,9,6,8,7,7,6,6,1,387
18886,"CUTWATER STRAWBERRY MARGARITA 6/4 CAN",24,3.2475,77.94,0,0,0,4,4,0,12,8,8,16,16,8,4,8,12,4,4,16,4,4,20,20,0,24,4,4,16,0,4,20,0,8,8,8,16,16,0,8,8,0,0,8,0,0,0,8,4,8,4,0,0,8,0,383
10430,"STONE IPA 4/6 NR",24,2.165,51.96,0,0,6,12,24,12,12,6,0,12,12,12,6,0,6,12,6,6,6,6,6,0,0,18,12,18,6,12,6,0,0,0,6,6,6,6,6,0,6,0,6,0,12,0,6,18,12,18,0,0,6,0,6,380
16855,"SILVER BRANCH DR. JUICY 4/6 CANS",24,2.498333333,59.959999992,6,24,12,0,6,6,12,0,0,12,12,6,12,0,6,0,18,6,0,30,12,6,12,12,0,0,0,0,0,6,0,6,6,18,6,6,0,6,18,0,0,0,6,6,12,6,18,12,12,0,0,0,0,380
99023,"DOGFISH HEAD PUNKIN ALE 4/6 CAN",24,2.331666667,55.960000008,0,0,0,0,0,0,0,0,0,0,0,0,0,0,0,0,0,0,0,0,0,0,0,0,0,0,0,0,0,0,0,0,0,0,0,0,0,0,0,0,0,0,0,0,0,0,0,0,0,0,0,0,0,26
26751,"JACK DANIELS BLACK - 200ML",48,7.99,383.52,5,5,7,4,9,5,6,6,22,14,6,5,5,6,9,14,13,8,5,3,10,6,6,4,11,6,4,6,7,8,6,5,4,5,3,5,4,5,6,7,3,8,4,4,9,8,2,8,7,3,7,10,3,407
42547,"TANQUERAY GIN 94.6 - 50ML",120,2.29,274.8,0,0,0,0,0,0,0,0,0,0,0,0,0,0,0,0,0,0,0,0,0,0,0,0,0,0,0,0,0,0,0,0,0,0,0,0,0,0,0,0,0,0,0,0,0,0,0,0,0,0,0,0,0,122
251042,"YUKON JACK FIRE LIQUEUR - 50ML",120,1.09,130.8,2,36,0,1,1,2,1,0,27,3,1,1,2,3,7,29,2,2,3,6,12,7,11,9,10,21,0,15,18,12,15,0,0,0,0,0,2,4,7,1,2,1,2,11,3,42,9,0,0,0,2,1,3,470
85704,"LA MARCA PROSECCO -  3 pk-187ML",24,6.66625,159.99,0,6,3,9,24,3,6,3,3,3,0,6,9,3,3,6,6,6,6,6,9,6,3,9,6,6,3,0,15,15,3,3,3,6,12,6,6,9,3,6,3,9,12,0,6,15,3,15,3,6,6,18,12,379
30984,"SAM ADAMS SUMMER CRAFT CAN VARIETY 12PK",24,1.749166667,41.980000008,0,0,0,0,0,0,0,0,0,0,0,0,0,0,12,12,0,36,0,24,36,0,24,36,12,36,36,24,24,0,0,0,0,36,0,0,0,0,0,0,0,0,0,0,0,0,0,0,0,0,0,0,0,374
25407,"NEW BELGIUM VOODOO RANGER IMPERIAL IPA 4/6 NR",24,2.165,51.96,0,0,6,12,12,6,12,0,0,0,0,18,0,0,6,0,6,18,12,0,6,6,0,6,6,0,0,12,6,6,0,6,18,6,18,0,12,12,12,0,24,12,18,0,12,6,6,0,6,12,6,6,0,374
13860,"CUTWATER TROPICAL TIKI RUM MAI TAI 6/4 CAN",24,3.2475,77.94,4,0,0,4,4,0,4,8,12,4,0,4,8,0,4,4,0,4,8,4,20,20,8,4,8,16,20,4,12,12,12,8,12,4,16,0,0,8,8,8,12,12,0,12,8,0,8,0,8,0,0,4,4,371
29505,"JAMESON IRISH WHISKEY - 750ML",12,29.99,359.88,0,0,0,0,0,0,0,0,0,0,0,0,0,0,0,0,0,0,0,0,0,0,0,0,0,0,0,0,0,0,0,0,0,0,0,0,0,0,0,0,0,0,0,0,0,0,0,0,0,0,0,0,0,42
13410,"ATHLETIC RUN WILD NA 4/6 CANS",24,1.998333333,47.959999992,0,0,0,0,0,0,0,0,0,0,0,0,0,0,0,0,0,0,0,0,0,0,0,0,6,6,6,24,0,24,12,12,6,24,24,6,24,18,18,24,6,6,18,0,6,0,6,12,24,18,12,0,0,368
26565,"JACK DANIELS BLACK - 750ML",12,25.99,311.88,4,3,12,6,6,7,0,0,17,10,6,14,11,7,3,9,5,8,7,7,6,5,4,3,6,3,5,13,14,3,5,4,6,8,7,5,5,5,3,6,3,8,4,6,4,7,9,11,6,7,11,5,3,380
33464,"PATRON TEQUILA - SILVER - 750ML",12,45.99,551.88,2,5,3,2,0,7,3,3,7,6,4,4,1,10,4,2,3,8,5,3,6,3,7,8,7,2,15,9,1,3,5,4,1,6,8,9,8,8,7,3,10,7,8,4,9,4,9,10,14,17,13,17,15,397
30955,"ANGRY ORCHARD SUMMER VP 2/12 CN",24,1.7475,41.94,0,0,0,0,0,0,0,0,0,0,0,0,0,0,0,0,24,72,24,24,12,0,12,36,36,0,0,0,24,24,24,24,0,0,0,0,0,0,0,0,0,0,0,0,0,0,0,0,0,0,0,0,0,362
241024,"CASAMIGOS REPOSADO TEQUILA - 50ML",60,5.49,329.4,13,9,10,8,2,0,0,0,0,0,0,0,0,0,0,10,21,11,3,14,0,0,0,0,0,0,0,0,0,0,0,37,13,44,35,35,14,0,0,0,0,0,0,16,17,14,9,0,0,0,0,0,0,400
38598,"BACARDI SUP WHITE RUM - 1.75L",6,25.99,155.94,2,7,6,4,5,10,5,4,8,10,3,4,9,5,1,3,6,12,9,2,8,12,2,5,9,6,6,7,7,2,9,8,1,4,6,13,3,7,8,7,4,7,8,4,10,6,7,7,14,6,5,8,4,367
241026,"CASAMIGOS BLANCO TEQUILA - 50ML",60,4.99,299.4,3,4,13,6,14,0,0,0,0,0,0,0,11,10,8,32,18,23,4,4,0,0,0,0,0,0,0,0,0,0,0,28,23,26,32,11,0,0,0,0,12,24,24,0,0,0,0,0,0,0,0,0,0,395
95745,"DOGFISH HEAD 60 MIN IPA 4/6 NR - 12OZ",24,1.998333333,47.959999992,12,12,6,12,0,6,6,12,12,6,12,0,12,0,0,0,12,0,0,24,18,6,0,12,6,6,0,6,6,6,18,0,0,0,12,18,0,0,6,6,0,6,0,0,0,0,6,12,0,18,0,18,0,356
51038,"CORONA REFRESCA VARIETY PACK 2/12PK 12 OZ CAN",24,1.665833333,39.979999992,0,0,12,12,12,0,12,12,0,0,24,0,0,0,0,0,0,12,12,0,24,0,12,36,0,36,12,0,24,12,0,12,0,0,0,0,0,0,12,0,0,0,12,0,12,0,0,0,12,0,0,0,0,350
65730,"ABSOLUT VODKA - CITRON - 50ML",120,2.59,310.8,0,4,6,4,7,7,4,4,2,1,6,0,4,1,0,1,2,1,1,3,2,1,1,3,6,2,4,7,2,6,4,3,6,8,14,12,12,11,33,12,16,5,14,21,9,14,4,8,5,2,5,10,1,444
15267,"BEER FARM INTERPEDENCE IPA 4/6 CANS",24,1.998333333,47.959999992,0,0,0,24,12,0,12,12,6,12,6,6,6,0,6,0,6,0,18,24,6,6,6,18,12,0,18,12,0,6,6,6,0,6,12,6,0,6,0,6,12,0,0,0,0,6,0,6,0,0,6,0,6,344
30960,"CORONA NON-ALC  4/6 NR",24,1.831666667,43.960000008,0,0,0,0,0,0,0,0,0,0,0,0,0,0,0,0,0,0,0,0,0,0,0,0,0,0,0,0,0,0,0,0,0,0,0,0,0,0,0,0,0,0,0,0,0,0,0,0,0,0,0,0,0,26
70081,"HIGH NOON SUN SIPS PEACH  - RTD - 355ML - 6/4PK",24,2.7475,65.94,16,8,0,4,4,0,12,4,0,4,4,0,0,0,0,4,12,24,24,0,24,0,8,8,4,4,0,0,0,20,4,4,0,4,24,20,16,8,8,0,0,4,8,4,0,4,8,0,0,8,0,4,0,343
76790,"CROWN ROYAL BLACKBERRY - 750ML",12,29.99,359.88,0,0,0,0,0,0,27,9,36,0,0,0,0,5,6,28,9,12,0,0,0,0,0,0,0,0,24,0,41,9,6,6,5,10,2,1,4,4,5,4,2,4,1,3,6,1,1,8,4,3,19,6,3,356
241603,"DOGFISH HEAD BLOOD ORANGE & MANGO VODKA CRUSH - 6/4 CAN",24,2.9975,71.94,4,0,0,0,0,24,4,4,4,8,0,16,0,8,0,16,8,4,16,12,8,8,0,0,0,0,24,4,8,8,12,16,12,24,12,0,4,4,8,0,16,4,0,0,12,0,0,0,0,0,0,0,0,339
67563,"BAREFOOT CEL P/GRIG - 1.5L",6,14.99,89.94,4,13,12,7,4,4,7,2,4,8,0,4,7,2,5,6,2,4,4,3,2,1,3,6,1,7,7,8,0,6,3,3,5,7,6,0,12,6,19,8,11,12,14,8,9,5,3,12,6,5,5,6,2,331
242154,"ESPOLON BLANCO TEQUILA  - 750ML",12,29.99,359.88,0,0,0,0,0,0,0,0,0,0,0,0,0,0,0,0,0,0,0,0,0,0,0,0,0,0,0,0,0,0,0,0,0,0,0,0,0,0,0,0,0,0,0,0,0,0,0,0,0,0,0,0,0,42
70378,"MEIOMI P/NOIR - 750ML",12,22.99,275.88,0,0,0,0,0,0,0,0,0,0,0,0,0,0,0,0,0,0,0,0,0,0,0,0,0,0,0,0,0,0,0,0,0,0,0,0,0,0,0,0,0,0,0,0,0,0,0,0,0,0,0,0,0,35
77132,"TEREMANA REPOSADO TEQUILA 750ML",6,35.99,215.94,10,8,10,4,0,3,5,7,10,4,4,8,9,5,6,4,13,4,6,7,9,7,4,5,4,2,8,3,11,8,6,6,1,4,3,7,5,4,6,6,4,11,8,10,5,2,3,8,2,4,5,8,3,351
30872,"ELYSIAN SPACE DUST 4/6 NR 12OZ",24,2.331666667,55.960000008,12,12,6,18,6,6,18,0,12,12,6,0,6,12,0,12,6,6,0,0,12,12,12,0,18,0,0,0,18,0,0,0,0,0,0,0,12,0,0,6,6,12,12,0,6,6,0,12,0,0,6,0,6,332
63361,"DC BRAU JOINT RESOLUTION 4/6 CANS",24,1.831666667,43.960000008,0,0,0,0,0,0,0,0,0,0,0,0,0,0,0,0,0,0,0,0,0,0,0,0,0,0,0,0,0,0,0,0,0,0,0,0,0,0,0,0,0,0,0,0,0,0,0,0,0,0,0,0,0,26
83957,"BAREFOOT CEL P/NOIR - 187ML",24,1.99,47.76,2,12,0,10,0,4,0,2,7,9,3,10,14,7,8,6,4,9,5,5,4,9,5,4,0,4,2,6,3,3,6,1,0,9,6,1,12,10,8,8,9,10,18,4,2,2,9,7,13,6,0,4,0,328
241602,"DOGFISH HEAD STRAWBERRY HONEYBERRY VODKA LEMONADE - 6/4 CAN",24,2.9975,71.94,0,0,0,0,0,0,0,0,0,0,0,0,0,0,0,0,0,0,0,0,0,0,0,0,0,0,0,0,0,0,0,0,0,0,0,0,0,0,0,0,0,0,0,0,0,0,0,0,0,0,0,0,0,27
36986,"SVEDKA VODKA - 1.75L",6,22.99,137.94,5,7,0,0,11,6,12,0,4,6,2,5,7,8,4,9,5,13,10,5,7,6,6,8,7,4,6,3,7,3,6,3,10,8,7,6,5,5,3,6,4,6,6,3,5,8,5,11,1,2,8,6,1,330
242155,"ESPOLON REPOSADO TEQUILA  - 750ML",12,31.99,383.88,0,0,0,0,0,0,0,0,0,0,0,0,0,0,0,0,0,0,0,0,0,0,0,0,0,0,0,0,0,0,0,0,0,0,0,0,0,0,0,0,0,0,0,0,0,0,0,0,0,0,0,0,0,44
69346,"LAGUNITAS SUMPIN SUMPIN 4/6 CANS",24,1.998333333,47.959999992,12,0,12,6,6,0,12,12,0,6,0,0,0,6,12,0,6,0,6,6,6,0,6,0,0,0,12,0,6,0,6,6,0,18,0,6,12,6,18,0,6,6,0,6,12,0,6,12,6,6,6,30,0,326
336731,"TITO'S HANDMADE VODKA - 375ML",12,11.99,143.88,0,0,0,0,0,0,0,0,0,0,0,0,0,0,0,0,0,0,0,0,0,0,0,0,0,0,0,0,0,0,0,0,0,0,0,0,0,0,0,0,0,0,0,0,0,0,0,0,0,0,0,0,0,24
241428,"SHEEP DOG PEANUT BUTTER WHISKEY - 50ML",120,1.09,130.8,0,0,0,0,0,0,0,0,0,0,0,0,0,0,0,0,0,0,0,0,0,0,0,0,0,0,0,0,0,0,0,0,0,0,0,0,0,0,0,0,0,0,0,0,0,0,0,0,0,0,0,0,0,121
35840,"BOWMAN'S VODKA - 1.75L",6,11.99,71.94,4,6,0,7,5,4,6,4,6,4,6,6,5,5,7,7,8,9,5,8,8,6,5,9,8,8,9,5,5,5,4,9,3,0,3,1,12,2,10,5,3,12,11,4,12,3,0,0,0,3,8,7,4,314
337509,"CROWN ROYAL APPLE - 50ML",60,2.79,167.4,5,6,7,1,5,9,5,5,7,7,8,7,12,2,13,8,5,5,0,5,4,13,14,12,12,0,0,0,0,0,0,0,14,4,0,0,6,11,7,5,11,2,3,2,7,4,12,2,4,18,6,0,0,358
29378,"CROWN ROYAL - 50ML",60,2.79,167.4,11,5,5,8,11,0,6,2,4,7,0,6,9,3,7,5,15,8,4,2,15,3,3,9,2,1,3,0,1,11,9,6,10,6,4,5,6,5,0,2,0,2,7,1,2,11,4,5,11,7,11,11,4,358
152315,"JOSE CUERVO GOLD TEQUILA - 200ML",48,6.99,335.52,0,0,0,0,0,0,0,0,0,0,0,0,0,0,0,0,0,0,0,0,0,0,0,0,0,0,0,0,0,0,0,0,0,0,0,0,0,0,0,0,0,0,0,0,0,0,0,0,0,0,0,0,0,55
11886,"JIM BEAM WHITE - 375ML",24,10.99,263.76,4,10,2,2,7,6,7,9,6,3,2,5,7,7,4,3,3,3,5,6,5,11,7,6,5,5,5,10,9,7,5,8,4,4,5,3,6,6,8,3,4,7,6,8,7,4,4,5,6,5,9,5,1,329
357026,"SCOTTY'S VODKA - 750ML",12,13.99,167.88,1,6,5,3,6,2,7,3,3,5,7,2,3,3,5,10,4,5,7,5,19,17,6,4,1,7,7,10,3,11,6,6,5,3,2,8,4,6,3,4,3,6,2,7,5,3,4,6,4,14,3,9,2,318
14772,"SAM ADAMS JUST THE HAZE NA 4/6 CANS",24,1.831666667,43.960000008,0,0,0,0,18,0,12,6,6,6,6,0,6,6,0,0,6,18,0,6,18,6,0,0,6,6,12,0,24,0,0,12,6,6,6,0,0,0,18,0,6,18,0,0,0,0,0,0,18,0,30,0,0,314
51155,"DOGFISH HEAD SLIGHTLY MIGHTY LO-CAL IPA 4/6PK 12OZ CAN",24,1.998333333,47.959999992,0,0,0,0,0,0,0,0,0,0,0,0,0,0,0,0,0,0,0,0,0,0,0,0,0,0,0,0,0,0,0,0,0,0,0,0,0,0,0,0,0,0,0,0,0,0,0,0,0,0,0,0,0,26
26329,"SIERRA NEVADA OKTOBERFEST 2/12  CAN",24,1.665833333,39.979999992,0,0,0,0,0,0,0,0,0,0,0,0,0,0,0,0,0,0,0,0,0,0,0,0,0,0,0,0,0,0,0,0,0,0,0,0,0,0,0,0,0,0,0,0,0,0,0,0,0,0,0,0,0,26
16727,"DENIZENS PGC PREMIUM LAGER 4/6 CANS",24,1.665,39.96,0,0,0,0,0,0,0,0,0,0,0,0,0,0,0,0,0,0,0,0,0,0,0,0,0,0,0,0,0,0,0,0,0,0,0,0,0,0,0,0,0,0,0,0,0,0,0,0,0,0,0,0,0,26
28002,"JOHNNIE WALKER RED - 50ML",120,2.49,298.8,9,8,17,2,18,3,4,7,1,5,7,3,7,12,7,12,7,4,11,8,10,2,1,4,4,5,6,0,0,0,8,7,2,0,3,7,7,16,4,1,6,1,2,2,0,4,4,8,10,7,0,3,1,409
88590,"LA MARCA PROSECCO ROSE - 750ML",12,18.99,227.88,3,1,8,3,3,3,6,7,1,7,3,1,3,4,2,8,2,2,20,7,3,0,5,3,4,5,13,3,6,5,9,1,3,7,2,7,1,9,2,2,4,4,12,6,4,1,18,14,1,9,7,11,9,315
38083,"BACARDI SUP WHITE RUM - 750ML",12,13.99,167.88,6,3,7,7,13,8,8,0,3,4,9,6,5,3,6,11,1,0,6,6,0,3,6,3,6,5,8,4,3,5,10,7,6,8,4,5,2,3,2,3,8,4,7,5,4,6,3,6,4,8,9,11,3,309
76008,"TITO'S HANDMADE VODKA - 200ML",24,8.99,215.76,2,5,7,2,0,3,1,2,8,7,2,3,3,4,7,4,8,6,1,2,5,7,4,6,7,4,2,4,5,11,5,4,4,3,5,5,9,8,9,4,6,8,7,6,13,14,9,9,6,4,3,4,5,315
38407,"BACARDI SUP WHITE RUM - 375ML",24,6.99,167.76,3,0,5,4,1,5,4,2,2,5,12,2,6,11,6,5,8,10,5,7,7,4,6,3,4,6,5,3,6,4,3,5,7,4,9,3,6,6,9,4,4,5,11,11,3,6,8,5,4,7,6,3,1,312
66497,"ANGRY ORCHARD FALL VP 2/12 CAN",24,1.749166667,41.980000008,0,0,0,0,0,0,0,0,0,0,0,0,0,0,0,0,0,0,0,0,0,0,0,0,0,0,0,0,0,0,0,0,0,48,12,12,36,48,12,24,0,48,24,12,0,0,0,0,0,0,0,0,0,302
51194,"VIZZY # 1 VIBRNTLY TROPICAL VP 2/12 CAN",24,1.665833333,39.979999992,0,0,0,0,0,0,0,0,0,0,0,0,24,0,0,24,0,0,0,0,24,0,0,0,24,0,12,0,24,0,12,12,0,12,0,0,0,12,0,24,0,0,0,12,12,12,12,12,0,0,0,0,12,302
251020,"PLATINUM 7X VODKA - 50ML",120,1.09,130.8,0,0,0,0,0,0,0,0,0,0,0,0,0,0,0,0,0,0,0,0,0,0,0,0,0,0,0,0,0,0,0,0,0,0,0,0,0,0,0,0,0,0,0,0,0,0,0,0,0,0,0,0,0,121
241462,"99 SCHNAPPS PINEAPPLE - 50ML",120,1.09,130.8,0,2,2,0,2,6,3,8,2,0,5,6,4,5,2,3,5,9,3,1,13,26,4,2,29,5,9,2,0,11,13,3,3,0,4,6,1,3,6,0,7,2,6,3,2,6,3,7,9,6,4,8,3,395
47466,"DON JULIO TEQUILA - 70TH ANIVERSARY - 750ML",6,62.99,377.94,3,6,0,10,3,1,8,1,3,1,2,4,6,2,15,3,2,11,0,4,4,3,12,6,4,14,0,7,1,11,6,0,4,0,2,8,2,12,3,13,3,1,3,1,5,8,11,11,8,6,6,6,6,341
357030,"SCOTTY'S VODKA - 1.75L",6,23.99,143.94,2,4,7,5,7,4,8,6,5,4,12,5,8,4,3,12,3,3,3,3,7,6,6,6,5,0,3,6,7,7,7,4,2,5,1,3,2,4,6,1,6,6,5,5,8,2,4,6,5,10,9,8,1,301
10052,"DENIZENS BLOOD ORANGE SELTZER 4/6 CANS",24,1.665,39.96,0,0,0,0,0,0,0,0,0,6,0,0,0,0,0,6,12,0,0,0,0,0,0,0,0,0,0,0,0,0,6,12,6,24,0,0,24,12,30,6,24,24,12,24,18,12,0,0,12,0,0,0,0,296
10436,"OSKAR BLUES DALES PALE ALE 12.OZ 4/6 CAN",24,2.331666667,55.960000008,0,0,0,0,0,0,0,0,0,0,0,0,0,0,0,0,0,0,0,0,0,0,0,0,0,0,0,0,0,0,0,0,0,0,0,0,0,0,0,0,0,0,0,0,0,0,0,0,0,0,0,0,0,26
22012,"GREY GOOSE VODKA - 750ML",12,28.99,347.88,11,3,5,5,0,3,0,11,6,10,4,6,6,5,2,3,4,4,5,4,7,6,3,15,4,5,7,4,13,6,7,7,5,3,1,3,5,2,2,7,0,8,6,0,5,9,2,2,2,4,11,9,2,310
342194,"MENAGE A TROIS SILK - 750ML",12,12.99,155.88,0,0,0,0,0,0,0,0,0,0,0,0,0,0,0,0,0,0,0,0,0,0,0,0,0,0,0,0,0,0,0,0,0,0,0,0,0,0,0,0,0,0,0,0,0,0,0,0,0,0,0,0,0,25
241454,"99 SCHNAPPS BLACK CHERRIES - 50ML",120,1.09,130.8,6,0,5,0,0,1,13,2,0,2,12,5,12,18,1,12,0,6,0,2,5,21,12,2,33,1,4,5,13,0,0,0,8,12,0,7,8,6,9,1,4,2,3,1,0,6,0,3,1,2,2,0,0,389
41262,"BARTENURA MOSCATO D'ASTI BLUE - 750ML",12,17.99,215.88,1,5,7,5,2,4,6,6,7,2,4,5,8,5,5,5,6,3,13,5,2,8,2,3,2,3,10,4,2,5,4,0,3,2,7,1,2,5,6,1,2,2,6,4,4,6,2,14,2,8,9,27,4,296
73919,"DEEP EDDY RUBY RED GRAPEFRUIT VODKA - 50ML",120,1.49,178.8,0,0,0,0,0,0,0,0,0,0,0,0,0,0,0,0,0,0,0,0,0,0,0,0,0,0,0,0,0,0,0,0,0,0,0,0,0,0,0,0,0,0,0,0,0,0,0,0,0,0,0,0,0,121
15489,"DEVILS BACKBONE GRAPEFRUIT SMASH 6/4 CANS",24,3.2475,77.94,4,0,4,0,0,0,0,4,8,0,4,0,16,12,12,0,8,8,16,4,8,16,8,8,0,0,0,0,0,0,4,8,8,4,0,0,0,0,16,8,4,4,16,12,0,0,4,8,0,8,0,16,4,291
77762,"DOGFISH HEAD (FALL)  VP 2/12 CN",24,1.749166667,41.980000008,0,0,0,0,0,0,0,0,0,0,0,0,0,0,0,0,0,0,0,0,0,0,0,0,0,0,0,0,0,0,0,0,0,0,0,0,0,0,0,0,0,0,0,0,0,0,0,0,0,0,0,0,0,26
80477,"SAN ANTONIO CARDINALE - 750ML",12,12.99,155.88,0,0,0,0,0,0,0,0,0,0,0,0,0,0,0,0,0,0,0,0,0,0,0,0,0,0,0,0,0,0,0,0,0,0,0,0,0,0,0,0,0,0,0,0,0,0,0,0,0,0,0,0,0,25
12193,"VICTORY SOUR MONKEY 4/6 NR",24,2.331666667,55.960000008,18,0,0,0,12,12,12,12,0,12,12,0,6,0,6,0,6,12,6,0,0,6,6,0,6,6,12,6,0,6,12,0,6,0,0,6,0,0,0,24,0,0,0,6,6,0,6,0,0,6,6,12,0,290
14899,"CUTWATER PINA COLADA 6/4 CAN",24,3.2475,77.94,0,0,0,0,0,0,0,0,0,0,0,0,0,0,0,0,0,0,0,0,0,0,0,0,0,0,0,0,0,0,0,0,0,0,0,0,0,0,0,0,0,0,0,0,0,0,0,0,0,0,0,0,0,27
87416,"ANDRE WHITE CHAMPAGNE - 750ML",12,9.99,119.88,0,2,4,5,4,5,4,0,4,3,0,2,2,2,3,12,1,7,8,4,8,8,4,7,4,3,6,5,4,5,8,3,11,7,6,7,5,7,1,2,5,3,2,3,6,4,2,6,3,4,18,12,12,285
51420,"BAILEYS IRISH CREAM - 50ML",80,3.49,279.2,3,7,0,0,56,0,0,1,2,7,5,2,1,2,3,1,4,5,3,2,8,0,2,0,2,1,4,0,2,3,0,8,0,1,1,3,7,8,21,4,5,8,5,1,0,5,9,3,4,8,15,17,4,346
83935,"BAREFOOT CEL CAB - 187ML",24,1.99,47.76,0,9,0,4,10,1,0,13,17,5,1,8,13,4,5,0,8,10,4,1,19,4,0,0,4,8,1,2,1,1,0,1,0,3,9,0,1,5,0,3,17,1,4,8,1,2,4,12,8,18,0,8,4,288
71905,"NEW AMSTERDAM VODKA - PEACH - 375ML",24,6.99,167.76,4,2,1,3,7,4,4,0,3,2,3,6,5,4,4,6,4,5,7,4,7,5,6,6,8,1,3,8,5,7,5,4,7,5,5,4,2,9,7,8,7,3,7,8,8,4,8,4,6,6,7,3,0,292
85057,"J LOHR SEVEN OAKS CAB - 750ML",12,18.99,227.88,0,1,4,2,5,2,4,7,7,4,2,6,5,3,4,3,6,8,7,4,4,4,4,14,2,4,4,5,4,1,2,8,3,9,8,3,1,8,3,5,12,5,8,3,3,4,2,3,6,8,9,15,2,291
50970,"BAILEYS IRISH CREAM - 750ML",12,28.99,347.88,0,4,3,6,4,6,3,4,8,4,13,2,8,8,1,3,4,4,6,2,4,2,3,5,4,5,2,2,2,3,2,4,2,3,3,5,1,4,4,5,4,4,11,3,9,5,3,16,6,10,15,15,0,300
170352,"ABSOLUT & OCEAN SPRAY VARIETY PACK 3/8PK - 355ML",24,2.99875,71.97,0,0,0,0,0,0,0,8,0,0,0,0,0,0,8,8,0,0,0,0,0,8,16,8,16,0,0,0,8,8,8,0,0,0,0,24,16,0,16,8,8,24,16,8,16,8,0,0,0,0,8,8,0,283
40576,"MILAGRO RESPOSADO TEQ 6/CS - 750ML",6,32.99,197.94,2,1,4,2,0,8,14,12,0,0,5,0,7,4,7,6,4,5,5,6,8,2,6,3,5,7,7,3,3,4,8,9,11,5,4,1,3,0,3,2,5,5,3,3,1,3,8,4,7,8,5,11,5,293
241496,"19 CRIMES CALI RED - 750ML",12,14.99,179.88,0,0,0,0,0,0,0,0,0,0,0,0,0,0,0,0,0,0,0,0,0,0,0,0,0,0,0,0,0,0,0,0,0,0,0,0,0,0,0,0,0,0,0,0,0,0,0,0,0,0,0,0,0,27
80292,"SUTTER HOME MER - 187ML",24,2.99,71.76,2,3,0,6,16,0,4,8,5,1,4,13,2,0,2,1,0,0,8,4,10,0,8,15,0,0,0,0,0,0,0,0,4,10,6,0,12,8,0,8,0,0,23,4,8,0,11,19,8,14,4,0,2,280
9997,"HOEGAARDEN 4/6NR - 12OZ",24,1.998333333,47.959999992,0,24,36,6,6,12,12,6,18,36,0,0,0,0,0,12,12,0,0,0,0,6,24,18,12,6,6,0,0,0,0,0,0,0,0,0,0,0,0,0,0,0,0,0,0,0,0,0,0,0,0,0,0,278
25447,"SAM ADAMS JACK-O 4/6-NR",24,1.831666667,43.960000008,0,0,0,0,0,0,0,0,0,0,0,0,0,0,0,0,0,0,0,0,0,0,0,0,0,0,0,0,0,0,0,0,0,0,0,0,0,0,0,0,0,0,0,0,0,0,0,0,0,0,0,0,0,26
42542,"MAKER'S MARK 90 BOURBON - 50ML",120,3.89,466.8,0,0,0,0,5,2,3,3,6,3,2,7,12,12,3,11,5,7,3,3,3,1,5,7,5,1,3,9,6,5,2,2,1,1,12,1,0,4,12,14,4,6,3,3,3,6,7,4,1,12,13,2,6,375
431575,"JOSH CELLARS CHARD - 750ML",12,16.99,203.88,0,0,0,0,0,0,0,0,0,0,0,0,0,0,0,0,0,0,0,0,0,0,0,0,0,0,0,0,0,0,0,0,0,0,0,0,0,0,0,0,0,0,0,0,0,0,0,0,0,0,0,0,0,29
47104,"MONTEBELLO LONG ISLAND ICE TEA - 750ML",12,8.99,107.88,0,0,0,0,0,0,0,0,0,0,0,0,0,0,0,0,0,0,0,0,0,0,0,0,0,0,0,0,0,0,0,0,0,0,0,0,0,0,0,0,0,0,0,0,0,0,0,0,0,0,0,0,0,21
45049,"SUTTER HOME MOSCATO - 187ML",24,2.99,71.76,0,4,6,0,4,0,0,0,5,6,0,0,8,2,2,6,1,4,8,6,0,2,2,11,0,0,9,19,5,12,7,5,7,0,8,0,0,0,0,4,21,4,3,3,3,12,6,14,7,9,4,8,2,276
84924,"APOTHIC  CAL CRUSH RED BL - 750ML",12,12.99,155.88,5,3,9,5,5,8,11,4,12,4,5,6,4,10,7,6,5,4,6,4,5,0,3,3,2,1,7,5,1,2,7,7,1,3,2,4,4,4,5,11,5,2,1,2,1,2,2,8,9,8,3,4,0,272
167857,"SCOTTY'S VODKA 375ML",24,6.99,167.76,4,2,5,2,8,9,9,5,6,11,9,2,4,0,2,7,5,3,4,1,4,2,5,3,2,3,3,7,2,2,4,4,2,3,3,2,1,2,6,0,1,3,6,9,7,12,8,6,5,9,10,7,5,277
241466,"99 SCHNAPPS APPLE - 50ML",120,1.09,130.8,3,2,1,0,0,0,2,2,6,3,1,3,11,4,15,2,4,6,4,7,4,9,1,2,8,1,1,8,2,4,3,8,2,3,5,6,9,3,3,1,5,7,8,2,3,18,3,2,9,18,2,8,0,365
81756,"BAREFOOT CEL MERLOT - 187ML",24,1.99,47.76,0,6,0,8,8,0,0,4,9,0,5,8,12,8,1,16,8,3,4,4,9,8,12,5,18,13,8,8,0,8,0,0,0,0,2,0,8,0,4,0,0,1,5,4,1,8,0,1,8,8,0,0,0,269
49028,"FIREBALL CINNAMON WHISKY - 375ML",24,7.99,191.76,6,4,0,6,4,3,6,5,4,7,3,6,5,4,8,9,13,10,5,8,3,2,4,1,1,2,2,6,3,1,3,5,2,3,10,2,1,3,4,4,6,1,3,4,4,6,7,3,7,6,7,6,5,275
84174,"SUTTER HOME WH/ZIN - 187ML",24,2.99,71.76,0,0,0,0,0,0,0,0,0,0,0,0,0,0,0,0,0,0,0,0,0,0,0,0,0,0,0,0,0,0,0,0,0,0,0,0,0,0,0,0,0,0,0,0,0,0,0,0,0,0,0,0,0,27
348402,"SVEDKA VODKA - 50ML",120,0.99,118.8,2,2,0,4,1,0,4,0,5,0,1,0,3,3,7,0,3,0,0,1,10,16,9,4,1,2,1,0,6,10,3,8,4,6,3,1,0,6,13,6,8,3,2,6,0,8,3,0,21,15,11,3,16,362
89331,"FIREBALL CINN WHISKY X-MAS GIFT BOX 8/15PK - 50ML",120,1.09,130.8,0,0,0,0,0,0,0,0,0,0,0,0,0,0,0,0,0,0,0,0,0,0,0,0,0,0,0,0,0,0,0,0,0,0,0,0,0,0,0,0,0,0,0,30,45,0,75,30,0,15,45,0,0,361
66494,"SAM ADAMS WICKED VARIETY 2/12 CN",24,1.749166667,41.980000008,0,0,24,12,0,0,24,0,0,24,0,24,0,0,12,0,0,24,12,12,0,24,0,12,0,24,12,0,0,0,0,0,0,0,0,0,0,0,0,0,0,0,0,0,0,0,0,0,0,0,0,0,0,266
71991,"HIGH NOON SUN SIPS SNOWBIRD 8 PK  - RTD",24,2.49875,59.97,0,0,0,0,0,0,0,0,0,0,0,0,0,0,0,0,0,0,0,0,0,0,0,0,0,0,0,0,0,0,0,0,0,0,0,0,0,0,0,0,0,0,0,0,0,0,0,0,0,0,0,0,0,26
76297,"NEW AMSTERDAM VODKA - 200ML",24,4.99,119.76,4,3,3,12,1,6,9,4,5,0,0,3,5,5,7,7,7,4,7,3,3,1,2,5,7,6,4,13,7,11,7,7,5,4,9,6,4,1,3,3,1,0,4,3,5,4,3,4,3,4,3,2,0,268
35254,"SMIRNOFF VODKA - 1.75L",6,23.99,143.94,10,7,4,10,5,3,7,3,4,5,4,2,3,6,8,10,4,7,2,3,2,2,4,6,5,6,3,7,8,3,3,2,5,4,11,3,5,6,2,4,4,2,4,3,4,4,5,6,1,1,2,4,0,268
47988,"MATUA VALLEY S/BLC - 750ML",12,15.99,191.88,10,2,7,6,3,9,2,2,4,7,5,2,0,1,5,1,1,8,7,6,5,2,8,8,4,3,7,6,3,5,7,1,4,7,3,2,3,3,4,6,5,3,1,2,5,4,2,7,5,2,21,1,0,265
47503,"MENAGE A TROIS RED - 750ML",12,12.99,155.88,2,5,6,3,4,5,7,1,0,3,3,6,8,2,1,0,7,10,4,7,5,3,2,5,7,2,3,6,4,6,7,3,4,2,10,6,1,4,0,4,2,2,7,2,2,5,5,7,7,7,10,10,2,261
241460,"99 SCHNAPPS PEPPERMINT - 50ML",120,1.09,130.8,4,4,0,3,4,3,8,4,4,4,0,0,0,2,2,2,0,14,2,2,6,12,2,5,6,6,2,3,1,0,11,4,12,5,13,12,5,4,13,17,9,8,2,1,0,0,4,0,0,1,8,0,1,356
26637,"DC BRAU PUBLIC PALE ALE 4/6 CANS - 12OZ",24,1.831666667,43.960000008,0,0,0,12,0,0,0,0,6,6,18,0,6,6,0,0,0,12,6,12,12,6,0,0,0,0,6,0,0,6,0,6,0,0,0,18,18,6,6,6,0,6,0,6,12,0,12,18,0,0,0,6,0,260
35289,"SMIRNOFF VODKA - 200ML",48,3.99,191.52,0,0,0,0,0,0,0,0,0,0,0,0,0,0,0,0,0,0,0,0,0,0,0,0,0,0,0,0,0,0,0,0,0,0,0,0,0,0,0,0,0,0,0,0,0,0,0,0,0,0,0,0,0,52
77136,"TEREMANA BLANCO TEQUILA 750ML",6,33.99,203.94,7,3,0,6,6,1,6,7,6,3,0,4,2,3,2,2,8,6,10,4,3,5,6,3,6,2,9,7,4,3,7,0,17,5,2,3,2,2,2,6,2,6,5,6,1,4,5,5,2,6,4,6,0,272
58279,"JACK DANIELS & COKE ZERO - 4 PK - RTD - 355ML",24,3.2475,77.94,0,4,0,20,0,8,8,0,8,0,4,0,0,16,0,8,0,16,0,16,8,0,20,0,8,8,8,0,0,4,16,0,8,12,0,4,4,0,0,0,0,8,0,4,0,0,0,8,0,0,0,4,0,259
377454,"XXL STRAWBERRY/GRAPES MOSCATO - 750ML",12,15.99,191.88,7,0,0,0,10,5,9,0,0,9,12,3,1,4,7,2,5,8,4,5,0,0,0,0,9,7,11,6,1,10,9,6,12,8,6,5,2,3,4,3,4,3,6,2,2,1,5,4,1,0,4,4,2,259
244013,"POST MERIDIEM MARGARITA - 24/100ML",24,4.99,119.76,1,2,7,6,2,1,1,3,2,2,14,12,3,5,4,3,4,18,0,11,7,5,6,10,6,1,11,2,3,1,3,3,6,1,18,0,1,12,3,2,1,1,1,2,2,0,1,9,1,1,0,8,2,260
85194,"ROSCATO RED - 750ML",12,14.99,179.88,0,7,9,2,6,0,0,0,0,1,3,4,2,0,17,2,9,6,4,5,4,7,6,6,5,3,4,7,1,6,0,2,2,5,1,5,3,6,2,0,0,3,1,8,3,12,7,6,7,5,8,13,5,257
131172,"SUTTER HOME P/GRIG 24/CS - 187ML",24,2.99,71.76,0,0,0,0,0,0,0,0,0,0,0,0,0,0,0,0,0,0,0,0,0,0,0,0,0,0,0,0,0,0,0,0,0,0,0,0,0,0,0,0,0,0,0,0,0,0,0,0,0,0,0,0,0,27
42544,"DEKUYPER SIGN TRIPLE SEC - 1L",12,7.99,95.88,0,1,1,2,3,3,3,9,3,5,4,2,5,1,1,2,2,7,3,5,12,5,7,5,1,17,5,4,10,4,7,4,7,2,1,7,1,3,1,5,3,3,4,8,4,4,1,8,2,3,6,7,5,248
74013,"WOODFORD RESERVE BOURBON 90.4 - 750ML",12,38.99,467.88,4,2,5,4,5,2,7,4,3,5,4,4,11,7,5,4,3,5,6,4,1,1,2,4,6,6,12,4,4,5,6,2,3,2,1,4,5,1,2,2,7,5,4,2,3,1,7,7,3,4,9,8,1,279
25883,"MODELO ESPECIAL 24 LOOSE NR - 12OZ",24,1.66625,39.99,1,2,2,1,2,3,3,4,2,0,1,5,6,4,3,3,4,2,3,6,4,3,4,2,4,1,3,6,2,3,2,4,5,2,11,0,12,7,7,7,9,1,2,8,5,2,16,3,7,2,5,9,13,254
72003,"HIGH NOON SUN SIPS MANGO - RTD - 355ML- 6/4 PK",24,2.7475,65.94,0,0,0,0,0,0,0,0,0,0,0,0,0,0,0,0,0,0,0,0,0,0,0,0,0,0,0,0,0,0,0,0,0,0,0,0,0,0,0,0,0,0,0,0,0,0,0,0,0,0,0,0,0,27
241472,"99 SCHNAPPS WATERMELON - 50ML",120,1.09,130.8,10,4,3,5,4,0,1,1,6,0,0,0,0,3,3,2,0,1,0,1,4,6,13,4,2,0,0,2,1,11,7,6,11,9,4,15,10,6,2,0,5,9,5,4,4,8,3,6,13,3,2,5,3,348
82615,"WHITEHAVEN NEW ZELAND S/BLC - 750ML",12,19.99,239.88,1,1,5,3,7,2,3,3,1,6,1,4,6,5,8,14,12,7,7,0,6,2,4,6,1,3,8,1,6,1,4,2,6,10,3,3,2,4,1,0,2,4,4,7,4,2,1,3,2,8,12,4,4,258
23886,"HEINEKEN LOOSE NR - 12OZ",24,1.707916667,40.990000008,1,0,3,2,2,3,6,1,5,1,3,4,4,4,2,3,3,9,0,3,5,3,12,0,10,8,7,2,2,2,1,7,3,7,3,5,6,8,6,2,1,4,2,0,5,3,5,5,10,0,8,7,17,251
41033,"HENNESSY COGNAC VS - 1L",12,60.99,731.88,4,6,3,4,3,7,7,3,5,6,1,6,6,3,3,2,3,6,1,4,2,1,2,5,0,6,4,4,2,4,5,3,8,3,1,8,2,7,2,1,2,3,3,7,5,11,3,6,4,2,6,7,12,297
35858,"BOWMANS VODKA - 1L",12,6.99,83.88,0,0,0,5,3,4,1,6,6,11,0,2,5,1,2,3,2,8,6,7,6,5,8,4,5,5,3,5,5,3,5,2,5,10,5,3,6,10,3,5,5,4,5,8,1,6,0,0,0,4,11,3,0,241
313992,"CHUM-CHURUM SOONHARI PEACH SOJU - 375ML",20,7.99,159.8,0,0,0,0,0,0,0,0,0,0,0,0,0,0,0,0,0,0,0,0,0,0,0,0,0,0,0,0,0,0,0,0,0,0,0,0,0,0,0,0,0,0,0,0,0,0,0,0,0,0,0,0,0,28
41360,"HENNESSY COGNAC VS - 375ML",12,22.99,275.88,0,12,0,3,4,3,5,5,4,0,8,4,6,5,3,3,5,2,4,4,4,3,3,5,6,5,5,2,3,5,5,4,7,7,4,5,2,8,11,5,8,4,3,0,0,4,1,5,3,3,4,5,2,256
38954,"BACARDI SUP WHITE RUM - 1L",12,19.99,239.88,2,7,0,1,7,4,6,5,0,1,3,1,2,1,4,1,6,6,5,6,1,4,2,4,6,6,14,4,5,7,2,4,3,3,5,9,2,3,5,0,7,2,13,3,1,1,3,6,2,7,7,9,0,250
24090,"JAMESON IRISH WHISKEY - 1L",12,45.99,551.88,2,5,2,7,3,4,3,5,5,7,5,9,3,1,2,2,1,2,3,2,6,2,2,6,4,3,3,2,3,1,2,6,2,4,4,8,1,4,1,7,3,6,3,7,5,8,4,8,4,2,7,11,5,275
379040,"STATESIDE VODKA SODA VARIETY PACK 3/8PK 12OZ CAN",24,2.24875,53.97,0,0,0,0,0,0,8,0,0,0,0,0,0,0,0,0,0,0,0,0,0,8,0,0,24,0,8,8,8,0,0,8,0,0,0,24,8,0,0,8,8,8,48,0,8,16,0,8,0,8,0,0,0,242
18990,"DEVILS BACKBONE VACAY SMASH PACK 3/8PK CAN",24,3.12375,74.97,0,8,0,16,0,0,0,0,8,8,8,0,0,0,8,8,0,16,0,8,0,0,0,16,8,16,8,8,0,16,8,8,0,24,0,16,0,0,0,0,0,0,0,0,0,0,0,0,0,0,0,0,0,243
10711,"ATLAS PONZI 4/6 CANS",24,2.165,51.96,0,6,6,0,6,12,0,6,0,6,6,0,6,6,0,0,6,6,6,6,0,0,0,0,0,0,12,6,18,12,0,6,6,0,18,6,6,0,0,0,12,0,0,6,6,6,0,6,0,6,0,0,0,242
25498,"SAM ADAMS PORCH ROCKER RAD4/6NR - 12OZ",24,1.831666667,43.960000008,0,0,0,0,0,0,0,0,0,0,0,0,0,6,0,6,6,12,18,6,18,12,0,12,12,12,24,6,12,12,12,12,6,12,0,0,0,0,0,0,0,0,0,0,0,0,0,0,0,0,0,0,0,242
94366,"O DOULS NA 4/6 LNNR - 12OZ",24,1.498333333,35.959999992,0,0,0,0,0,0,0,0,0,0,0,0,0,0,0,0,0,0,0,0,0,0,0,0,0,0,0,0,0,0,0,0,0,0,0,0,0,0,0,0,0,0,0,0,0,0,0,0,0,0,0,0,0,25
83531,"BAREFOOT CEL PINK MOSCATO - 187ML",24,1.99,47.76,0,0,0,0,0,0,0,0,0,0,0,0,0,0,0,0,0,0,0,0,0,0,0,0,0,0,0,0,0,0,0,0,0,0,0,0,0,0,0,0,0,0,0,0,0,0,0,0,0,0,0,0,0,26
40932,"PINNACLE VODKA - 1.75L",6,17.99,107.94,2,6,0,2,5,3,1,6,1,1,4,1,4,3,4,3,3,3,7,7,5,3,4,3,2,3,5,4,6,3,3,10,3,1,6,1,3,4,4,5,4,5,3,6,6,5,6,11,6,6,8,4,0,238
38032,"BACARDI RUM - GOLD - 750ML",12,13.99,167.88,5,4,0,3,2,3,6,5,5,0,0,4,1,3,0,1,2,5,2,4,5,6,3,4,2,6,8,4,5,2,5,2,3,3,2,4,4,5,4,4,4,1,4,8,5,6,6,16,3,9,8,5,2,239
71764,"HIGH NOON SUN SIPS GRAPEFRUIT - RTD - 355ML - 6/4PK",24,2.7475,65.94,0,0,8,4,8,0,0,12,4,0,0,0,0,8,0,8,4,4,12,8,16,12,8,0,4,0,24,0,4,12,0,4,0,0,0,0,0,4,4,0,0,8,0,4,0,4,0,16,8,0,0,0,0,239
70122,"DON JULIO TEQUILA - BLANCO - 750ML",6,51.99,311.94,3,13,2,2,2,2,3,2,2,6,2,9,3,2,4,3,4,3,4,2,3,2,2,3,11,1,10,2,3,4,6,3,2,3,3,0,2,3,5,3,6,2,4,6,9,6,2,7,3,5,6,9,3,270
54187,"DON JULIO TEQUILA - 1942 -50ML",60,13.99,839.4,0,0,0,0,0,0,0,0,0,0,0,0,0,0,0,0,0,0,0,0,0,0,0,0,0,0,0,0,0,0,0,0,0,0,0,0,0,0,0,0,0,0,0,0,0,0,0,0,44,16,73,47,32,286
71796,"HIGH NOON SUN SIPS BLK CHERRY - RTD - 355ML - 6/4PK",24,2.7475,65.94,0,0,0,0,0,0,0,0,0,0,0,0,0,0,0,0,0,0,0,0,0,0,0,0,0,0,0,0,0,0,0,0,0,0,0,0,0,0,0,0,0,0,0,0,0,0,0,0,0,0,0,0,0,27
38520,"JOSE CUERVO GOLD TEQUILA - 750ML",12,20.99,251.88,1,6,6,3,1,3,8,3,5,13,0,2,7,3,4,2,4,2,5,4,3,5,4,3,3,4,5,2,1,3,3,7,4,4,2,2,2,2,1,0,33,1,4,3,2,3,0,3,8,2,2,6,2,244
335260,"STELLA ROSA BLK - 750ML",12,12.99,155.88,0,2,6,4,0,13,6,5,1,2,6,1,1,7,6,1,3,6,2,7,5,5,1,1,1,2,4,4,3,7,1,2,2,2,4,2,6,2,3,6,0,8,3,0,6,5,2,13,0,7,5,12,6,234
52620,"MARK WEST CAL P/NOIR - 750ML",12,12.99,155.88,1,0,5,1,1,2,3,2,5,0,3,1,2,3,6,0,1,1,3,5,5,1,3,4,5,6,2,0,7,1,6,5,4,4,7,1,2,1,4,3,6,6,6,6,3,6,6,6,9,10,18,9,1,233
30384,"WOODBRIDGE CHARD 6/4 187ML PET CANS",24,2.2475,53.94,0,4,8,0,0,0,0,0,0,0,12,0,4,12,12,0,0,12,0,4,4,0,4,0,8,0,4,0,8,8,12,0,0,4,0,12,4,0,4,4,4,0,4,0,0,8,0,0,0,40,4,0,4,234
42145,"MONTEZUMA - TRIPLE SEC 30P - 1L",12,5.99,71.88,0,0,0,0,0,0,0,0,0,0,0,0,0,0,0,0,0,0,0,0,0,0,0,0,0,0,0,0,0,0,0,0,0,0,0,0,0,0,0,0,0,0,0,0,0,0,0,0,0,0,0,0,0,18
18020,"DEVILS BACKBONE TROPICAL SMASH RTD 6/4 CANS",24,3.2475,77.94,0,0,0,4,0,4,4,0,0,4,0,0,4,4,4,8,4,8,4,8,8,8,16,44,0,0,0,12,0,0,4,16,8,4,8,12,8,0,0,0,0,0,0,0,0,0,0,0,0,0,0,0,0,235
23221,"JOHNNIE WALKER BLACK LABEL - 50ML",120,4.69,562.8,0,8,3,6,8,4,3,3,6,14,4,0,3,2,0,1,0,0,0,0,6,1,1,4,0,0,0,0,0,0,0,0,0,50,5,2,2,3,6,8,2,3,7,7,2,8,12,3,0,0,8,3,0,333
40223,"CHRISTIAN BROTHERS BRANDY - 750ML",12,9.99,119.88,2,0,3,3,1,0,2,2,3,2,3,5,4,1,5,2,6,5,7,5,7,3,2,2,7,5,9,7,3,2,2,1,2,3,3,3,1,2,6,7,4,5,6,10,5,5,9,7,4,3,8,1,2,229
11762,"JIM BEAM WHITE - 1.75L",6,34.99,209.94,2,6,0,2,4,6,5,3,10,4,7,4,0,4,7,3,5,5,1,2,3,5,4,2,2,5,6,1,2,1,3,5,0,4,7,2,3,3,3,5,3,6,4,4,5,4,5,3,2,4,7,11,2,247
11770,"JIM BEAM WHITE - 750ML",12,17.99,215.88,3,1,0,5,3,4,2,7,3,4,1,2,8,4,4,7,6,4,3,3,4,4,2,1,2,1,2,1,2,3,6,2,3,2,5,3,2,3,0,1,34,4,5,3,2,1,5,4,6,4,7,6,2,236
28851,"CANADIAN CLUB WHISKEY - 1.75L",6,17.99,107.94,0,0,0,0,0,0,0,0,0,0,0,0,0,0,0,0,0,0,0,0,0,0,0,0,0,0,0,0,0,0,0,0,0,0,0,0,0,0,0,0,0,0,0,0,0,0,0,0,0,0,0,0,0,24
26187,"STELLA ARTOIS LOOSE NR - 11.2OZ",24,1.91625,45.99,4,4,3,5,1,13,5,5,5,2,5,5,4,0,1,1,4,10,2,5,5,8,7,8,8,3,6,1,2,2,9,6,0,3,6,4,1,2,3,3,4,1,6,3,4,2,1,2,3,0,1,3,4,231
26262,"DEVILS BACKBONE VIENNA LAGER 4/6NR - 12OZ",24,2.165,51.96,0,0,0,0,24,0,6,6,0,12,0,6,0,12,6,0,0,0,0,0,0,0,0,0,6,0,0,6,6,0,18,12,0,6,6,6,0,6,0,0,6,0,0,6,6,6,0,6,0,12,0,18,0,230
11118,"BULLEIT BOURBON - 750ML",12,28.99,347.88,3,3,6,2,10,2,11,4,0,9,2,1,5,7,1,0,7,9,6,6,8,7,3,4,2,0,2,2,3,4,0,1,2,2,3,2,5,1,3,2,2,8,3,4,2,1,8,7,2,7,3,6,1,245
241954,"MI CAMPO REPOSADO TEQUILA - 750ML",12,22.99,275.88,1,0,4,7,3,2,3,2,1,0,0,1,3,8,2,5,5,0,0,4,4,3,3,10,0,1,12,9,0,0,0,0,3,4,2,3,1,9,3,8,3,5,5,6,8,0,6,7,9,8,5,9,6,238
12769,"EVAN WILLIAMS BLACK SOUR MASH 7YR - 1.75L",6,27.99,167.94,5,6,7,2,7,4,3,5,1,3,3,6,5,2,4,5,4,7,4,7,8,4,3,3,2,3,6,4,3,5,2,3,1,3,3,4,8,3,9,2,2,1,0,4,7,2,3,4,1,1,4,4,0,236
72646,"JOSE CUERVO SILVER TEQUILA - 750ML",12,20.99,251.88,0,0,0,0,0,0,0,0,0,0,0,0,0,0,0,0,0,0,0,0,0,0,0,0,0,0,0,0,0,0,0,0,0,0,0,0,0,0,0,0,0,0,0,0,0,0,0,0,0,0,0,0,0,33
74777,"LUNAZUL TEQUILA- REPOSADO - 750ML",12,22.99,275.88,3,3,0,0,1,3,1,2,2,3,3,2,1,3,6,1,5,6,3,3,0,5,4,3,8,11,5,3,5,4,4,6,0,6,8,4,3,5,5,8,6,6,4,3,3,5,3,7,3,2,6,3,2,236
23523,"TULLAMORE DEW IRISH - 750ML",12,25.99,311.88,6,6,0,5,0,7,2,1,0,2,0,0,3,2,5,4,4,2,4,4,8,5,1,3,4,3,8,4,4,0,3,2,1,4,5,1,8,6,6,5,4,2,3,7,7,9,4,5,0,2,13,4,3,239
40231,"E AND J BRANDY VSOP - 200ML",24,3.99,95.76,3,3,4,2,4,7,1,0,6,6,4,2,5,3,0,4,3,2,6,6,2,4,2,4,1,0,2,5,2,5,5,1,5,4,7,0,2,3,4,4,5,2,5,5,5,5,8,4,9,5,12,2,0,228
41916,"FEVER TREE GINGER BEER 6/4PK - 200ML",24,1.998333333,47.959999992,0,0,0,0,0,0,0,0,0,0,0,0,0,0,0,0,0,0,0,0,0,0,0,0,0,0,0,0,0,0,0,0,0,0,0,0,0,0,0,0,0,0,0,0,0,0,0,0,0,0,0,0,0,26
11797,"JIM BEAM WHITE - 200ML",48,6.99,335.52,3,0,3,0,2,3,2,5,5,11,5,2,2,4,3,5,8,7,6,5,0,2,4,4,2,6,3,1,3,5,8,6,3,1,3,6,2,1,5,1,5,10,-1,5,4,4,4,7,5,3,4,0,2,254
5673,"FLYING DOG SNAKE DOG 4/6 NR - 12OZ",24,1.998333333,47.959999992,0,0,6,0,0,6,0,0,0,12,0,0,18,0,12,0,6,18,6,6,6,0,0,0,0,0,6,0,0,6,0,0,0,6,12,0,0,0,6,0,12,0,0,0,6,0,18,6,6,6,0,6,6,224
38393,"BACARDI RUM - GOLD - 375ML",24,7.99,191.76,1,3,2,0,4,2,2,0,2,7,3,6,2,4,1,5,6,0,1,5,1,6,2,6,5,4,4,10,1,3,9,5,3,5,3,3,6,1,5,8,3,6,4,3,2,3,7,3,10,6,2,2,1,230
93505,"SAM ADAMS WINTERLAGER 4/6 LN - 12OZ",24,1.831666667,43.960000008,0,0,0,0,0,0,0,0,0,0,0,0,0,0,0,0,0,0,0,0,0,0,0,0,0,0,0,0,0,0,0,0,0,0,0,0,0,0,0,0,0,0,0,0,0,0,0,0,0,0,0,0,0,26
94293,"O DOULS AMBER NA 4/6 LNNR - 12OZ",24,1.498333333,35.959999992,0,0,0,0,0,0,0,0,0,0,0,0,0,0,0,0,0,0,0,0,0,0,0,0,0,0,0,0,0,0,0,0,0,0,0,0,0,0,0,0,0,0,0,0,0,0,0,0,0,0,0,0,0,25
70541,"D'USSE VSOP COGNAC - 750ML",6,49.99,299.94,0,6,0,5,7,6,2,6,2,3,4,9,4,3,2,3,5,4,4,4,4,3,5,3,8,4,3,1,2,0,1,2,3,0,4,2,3,5,4,1,1,8,5,4,2,2,4,3,6,5,7,9,2,251
89349,"BUFFALO TRACE BOURBON CREAM - 50ML",120,1.99,238.8,0,0,0,0,0,0,0,0,0,0,0,0,0,0,0,0,0,0,0,0,0,0,0,0,0,0,0,0,0,0,0,0,0,0,0,0,0,0,0,0,0,0,0,0,0,0,0,0,0,0,0,0,0,122
27502,"JOHNNIE WALKER BLACK - 750ML",12,39.99,479.88,1,5,4,5,3,4,3,10,5,1,0,6,5,4,5,4,2,6,5,3,5,2,7,0,6,7,5,4,7,1,3,3,3,1,2,1,5,6,5,8,5,1,2,2,2,1,3,4,1,4,2,4,2,247
40290,"E&J BRANDY VS - 200ML",24,3.99,95.76,0,0,0,0,0,0,0,0,0,0,0,0,0,0,0,0,0,0,0,0,0,0,0,0,0,0,0,0,0,0,0,0,0,0,0,0,0,0,0,0,0,0,0,0,0,0,0,0,0,0,0,0,0,28
80727,"BAREFOOT CEL S/BLC - 1.5L",6,14.99,89.94,3,4,6,3,6,3,5,6,2,1,5,2,4,0,5,5,1,5,3,3,2,3,6,2,5,6,6,2,5,5,1,2,0,5,2,6,4,1,4,4,6,4,4,4,3,6,4,2,3,4,7,4,0,215
73230,"CROWN ROYAL - APPLE - 750ML",12,29.99,359.88,1,4,2,3,1,8,6,3,3,2,8,5,8,4,3,2,6,1,3,2,2,6,4,3,2,3,3,6,4,3,0,3,3,6,2,1,6,2,1,3,4,5,2,3,5,4,3,6,3,4,7,8,1,235
36374,"PLATINUM 7X VODKA - 750ML",12,7.99,95.88,4,2,3,5,2,3,1,4,5,2,3,1,2,2,2,2,7,0,1,3,1,2,3,5,4,5,4,4,4,5,3,6,2,5,9,5,5,5,6,5,7,10,6,1,7,4,3,7,3,0,0,1,1,212
27499,"JOHNNIE WALKER BLACK - 1L",12,50.99,611.88,6,3,3,3,6,7,4,4,1,0,0,2,2,3,4,3,3,7,7,2,2,0,1,6,2,4,3,3,4,2,3,3,3,3,9,2,3,7,4,2,3,2,5,8,2,2,7,2,4,3,5,6,7,255
77807,"TRULY GETAWAY SELTZER VP 12PK CAN",24,1.665833333,39.979999992,0,0,0,0,0,0,0,0,0,0,0,0,0,0,0,0,0,0,0,0,0,0,0,0,0,0,0,0,0,0,0,0,0,0,0,0,0,0,0,0,0,0,0,0,0,0,0,0,0,0,0,0,0,26
97845,"SPATEN PREMIUM LAGER 4/6NR - 12OZ",24,1.998333333,47.959999992,0,0,0,0,0,0,0,0,0,0,0,0,0,0,0,0,0,0,0,0,0,0,0,0,0,0,0,0,0,0,0,0,0,0,0,0,0,0,0,0,0,0,0,0,0,0,0,0,0,0,0,0,0,26
11860,"ELIJAH CRAIG BOURBON  SMALL BATCH 94P - 750ml",12,29.99,359.88,3,1,3,2,0,3,1,0,6,5,7,6,8,3,3,1,1,1,5,3,1,0,9,4,2,4,0,2,2,0,8,7,9,10,16,1,0,1,3,3,10,4,6,4,3,1,6,1,4,1,1,5,1,233
50016,"MALIBU RUM - 750ML",12,20.99,251.88,5,2,2,3,0,4,3,6,4,3,4,3,4,1,6,2,2,7,6,3,2,1,5,7,2,2,9,5,0,7,6,0,3,1,5,3,4,2,4,4,4,2,6,5,0,4,4,8,2,0,9,3,0,222
84240,"APOTHIC CAL WHITE BLEND - 750ML",12,12.99,155.88,4,1,5,2,4,0,1,4,10,1,3,3,6,11,2,2,0,4,1,0,1,0,10,0,8,0,13,0,0,3,10,7,4,0,1,7,3,2,6,0,0,9,6,3,3,10,6,3,2,0,5,0,2,213
16811,"CUTWATER TIKI RUM PUNCH 6/4 CANS",24,3.2475,77.94,0,0,0,4,4,0,4,0,0,0,16,0,0,0,0,4,0,0,4,0,8,20,12,0,4,8,4,0,8,8,4,4,4,8,0,8,4,4,4,4,4,0,0,8,0,4,4,12,0,0,0,4,0,215
27545,"JOHNNIE WALKER RED - 750ML",12,21.99,263.88,1,5,5,6,3,3,4,3,3,8,5,5,3,7,4,5,3,6,5,5,5,2,5,7,8,6,4,3,3,3,3,0,1,1,5,4,3,0,3,0,3,3,0,3,1,4,5,3,4,1,2,3,0,221
66060,"ECCO DOMANI P/GRIG - 750ML",12,13.99,167.88,4,7,10,8,0,2,1,2,4,7,4,1,1,5,7,3,3,2,3,3,3,4,1,5,5,4,4,4,0,2,0,0,2,0,9,0,1,2,5,2,1,5,9,4,3,1,8,7,3,5,5,6,0,213
74861,"YELLOW TAIL MERLOT - 750ML",12,6.99,83.88,0,0,0,0,0,0,0,0,0,0,0,0,0,0,0,0,0,0,0,0,0,0,0,0,0,0,0,0,0,0,0,0,0,0,0,0,0,0,0,0,0,0,0,0,0,0,0,0,0,0,0,0,0,19
23773,"GOOSE ISLAND IPA 4/6 NR - 12OZ",24,2.165,51.96,0,0,0,6,6,0,0,12,6,24,6,12,6,0,0,0,12,6,0,12,0,6,6,6,0,0,6,0,0,0,0,0,0,0,6,6,0,0,0,0,0,0,0,6,0,12,6,0,0,0,0,6,12,212
377459,"XXL PINEAPPLE MOSCATO - 750ML",12,15.99,191.88,0,0,0,0,0,0,0,0,0,0,0,0,0,0,0,0,0,0,0,0,0,0,0,0,0,0,0,0,0,0,0,0,0,0,0,0,0,0,0,0,0,0,0,0,0,0,0,0,0,0,0,0,0,28
81764,"BAREFOOT CEL W/ZIN - 187ML",24,1.99,47.76,0,0,0,0,0,0,0,0,0,0,0,0,0,0,0,0,0,0,0,0,0,0,0,0,0,0,0,0,0,0,0,0,0,0,0,0,0,0,0,0,0,0,0,0,0,0,0,0,0,0,0,0,0,26
69442,"BLANTON'S BOURBON (HAL) - 750ML",6,76.99,461.94,0,0,0,0,0,0,0,0,0,0,0,0,0,0,0,0,0,0,0,0,0,0,0,0,0,0,0,0,0,0,0,0,0,0,0,0,0,0,0,0,0,0,0,0,0,0,0,0,0,0,0,0,0,83
83946,"BAREFOOT CEL MOSCATO - 187ML",24,1.99,47.76,0,0,5,5,7,0,12,2,4,1,5,13,1,0,1,5,0,6,9,8,4,2,9,1,1,0,12,4,1,2,2,8,0,0,0,0,2,4,5,5,0,3,3,6,4,4,4,3,7,0,4,0,0,210
17317,"CUTWATER WHITE RUSSIAN 6/4 CAN",24,3.2475,77.94,4,0,16,0,4,8,16,4,0,0,4,4,8,0,0,0,0,0,8,0,4,0,0,0,4,8,8,0,0,0,0,12,0,0,4,4,8,0,0,0,4,0,4,8,0,0,4,8,4,4,8,8,4,211
76631,"JOHNNIE WALKER GOLD LABEL RESERVE - 750ML",6,65.99,395.94,0,0,0,0,0,0,0,0,0,0,0,0,0,0,0,0,0,0,0,0,0,0,0,0,0,0,0,0,0,0,0,0,0,0,0,0,0,0,0,0,0,0,0,0,0,0,0,0,0,0,0,0,0,72
18798,"TRULY VODKA SELTZER VARIETY 3/8 CANS",24,2.37375,56.97,0,0,0,0,0,0,0,0,0,0,0,0,0,0,0,0,0,0,0,0,0,0,0,0,0,0,0,0,0,0,0,0,0,0,0,0,0,0,0,0,0,0,0,0,0,0,0,0,0,0,0,0,0,26
88642,"CROWN ROYAL - PEACH - 50ML",60,2.79,167.4,0,0,0,0,0,0,0,0,0,0,0,0,0,0,0,0,0,11,18,9,13,7,0,1,0,0,0,0,0,0,0,0,0,0,1,6,7,10,11,4,3,10,16,8,12,10,10,6,9,0,0,0,0,245
56880,"E&J BRANDY VSOP - 50ML",120,1.09,130.8,3,2,13,0,2,2,1,6,0,3,2,2,7,5,2,12,1,3,5,4,3,0,0,1,4,7,0,0,10,4,3,3,2,8,4,12,0,2,0,6,2,2,0,2,1,6,5,3,5,2,4,3,2,302
82040,"CLOS DU BOIS BF CHARD - 750ML",12,11.99,143.88,0,0,0,0,0,0,0,0,0,0,0,0,0,0,0,0,0,0,0,0,0,0,0,0,0,0,0,0,0,0,0,0,0,0,0,0,0,0,0,0,0,0,0,0,0,0,0,0,0,0,0,0,0,24
19169,"SILVER BRANCH COSMIC SERIES 4/6 CANS",24,2.498333333,59.959999992,0,0,6,0,6,0,0,0,12,0,6,6,0,0,6,0,0,6,6,6,0,0,6,6,0,0,6,0,12,0,0,6,0,6,0,12,0,0,0,0,0,0,0,0,18,6,0,6,12,0,6,18,0,206
23135,"SIERRA NEVADA CELEBRATION ALE 2/12 CN",24,1.999166667,47.980000008,0,0,0,0,0,0,0,0,0,0,0,0,0,0,0,0,0,0,0,0,0,0,0,0,0,0,0,0,0,0,0,0,0,0,0,0,0,0,0,0,0,0,0,0,0,36,12,48,24,0,60,0,0,206
96210,"SINGHA BEER 4/6 NR - 12OZ",24,1.998333333,47.959999992,0,0,0,0,0,0,0,0,0,0,0,0,0,0,0,0,0,0,0,0,0,0,0,0,0,0,0,0,0,0,0,0,0,0,0,0,0,0,0,0,0,0,0,0,0,0,0,0,0,0,0,0,0,26
67052,"DOGFISH HEAD IPA 2/12 VP CANS",24,1.749166667,41.980000008,0,0,0,0,0,0,0,0,0,0,0,0,0,0,0,0,0,0,0,0,0,0,0,0,0,0,0,0,0,0,0,0,0,0,0,0,0,0,0,0,0,0,0,0,0,0,0,0,0,0,0,0,0,26
70721,"GENTLEMAN JACK - 50ML",120,2.69,322.8,1,1,0,7,6,1,4,2,2,3,0,1,3,4,6,4,1,0,1,2,1,2,4,3,0,12,3,3,9,4,4,2,0,5,1,1,2,0,2,7,7,6,0,8,4,16,7,2,3,1,10,0,1,302
12142,"SUTTER HOME PINK MOSCATO - 187ML",24,2.99,71.76,0,0,0,0,4,12,0,12,12,0,-4,4,9,4,4,4,0,0,0,8,1,5,0,2,0,4,0,4,4,6,0,9,0,2,4,0,0,4,2,6,0,1,5,4,0,2,8,9,8,0,4,12,2,204
42288,"FEVER TREE TONIC WATER 3/8PK CAN - 150ML",24,1.332916667,31.990000008,0,0,0,0,0,0,0,0,0,0,0,0,0,8,8,8,0,16,0,0,0,0,0,0,0,0,0,0,0,8,0,0,0,8,8,16,0,8,0,8,0,0,16,16,0,8,0,16,0,0,8,16,0,201
69573,"TRULY VARIETY 24PK LOOSE CANS",24,1.582916667,37.990000008,4,4,1,5,4,0,4,3,6,0,5,0,4,5,4,1,4,7,1,4,6,1,4,6,2,9,1,5,4,6,1,5,5,0,4,0,0,4,4,0,4,1,5,7,1,6,5,0,5,0,4,0,5,202
238052,"JINRO GREEN GRAPE SOJU - 375ML",20,7.99,159.8,0,0,0,0,0,0,0,0,0,0,0,0,0,0,0,0,0,0,0,0,0,0,0,0,0,0,0,0,0,0,0,0,0,0,0,0,0,0,0,0,0,0,0,0,0,0,0,0,0,0,0,0,0,28
87440,"ANDRE BRUT CHAMPAGNE - 750ML",12,9.99,119.88,0,0,0,0,0,0,0,0,0,0,0,0,0,0,0,0,0,0,0,0,0,0,0,0,0,0,0,0,0,0,0,0,0,0,0,0,0,0,0,0,0,0,0,0,0,0,0,0,0,0,0,0,0,22
70428,"PINNACLE VODKA - 375ML",24,5.99,143.76,1,1,4,2,11,2,6,7,11,0,0,8,8,3,2,1,2,2,2,4,1,3,0,0,0,0,2,4,7,4,3,2,4,3,5,1,3,2,6,3,3,9,2,5,4,2,4,1,5,3,3,4,0,205
94560,"DOGFISH HEAD FESTINA PECHE 4/6 CN",24,2.331666667,55.960000008,0,0,0,0,0,0,0,0,0,0,0,0,0,6,0,6,12,0,6,18,12,6,12,12,18,6,0,6,6,18,12,12,6,0,0,0,0,0,0,0,0,0,0,0,0,0,0,0,0,0,0,0,0,200
28602,"DC BRAU PILS 4/6 CAN 12OZ",24,1.831666667,43.960000008,0,6,0,6,6,6,0,0,0,0,0,0,6,6,0,0,0,6,6,12,6,0,6,0,6,0,12,6,6,0,6,6,0,0,12,6,6,0,6,0,6,6,0,6,0,0,0,0,6,0,0,6,0,200
38873,"CAPTAIN MORGAN SPICED RUM - 750ML",12,15.99,191.88,2,3,5,3,5,5,5,4,2,1,3,2,2,5,0,2,6,4,6,2,3,6,4,2,2,3,2,6,2,3,2,4,2,1,7,0,3,3,2,4,3,1,6,4,0,1,5,3,6,1,10,3,3,202
16420,"JAMESON IRISH WHISKEY - 375ML",24,18.99,455.76,3,2,0,5,1,1,4,4,3,3,3,2,3,3,2,3,5,5,5,7,6,8,4,3,8,3,8,5,7,2,6,1,2,5,1,3,2,2,6,2,2,3,1,4,3,3,1,1,0,4,1,2,1,217
35181,"SMIRNOFF VODKA - 750ML",12,12.99,155.88,4,3,3,2,4,1,4,4,3,3,1,6,2,1,2,2,2,3,1,2,5,1,4,4,4,4,7,0,4,5,10,5,3,4,2,2,2,3,3,3,4,2,3,5,5,7,2,6,2,4,3,2,1,199
96415,"BUCKLER NA 4/6 NR - 12OZ",24,1.831666667,43.960000008,0,0,0,0,0,0,0,0,0,0,0,0,0,0,0,0,0,0,0,0,0,0,0,0,0,0,0,0,0,0,0,0,0,0,0,0,0,0,0,0,0,0,0,0,0,0,0,0,0,0,0,0,0,26
98167,"BECKS N/A-NR  - 12OZ",24,1.831666667,43.960000008,0,0,0,0,0,0,0,0,0,0,0,0,0,0,0,0,0,0,0,0,0,0,0,0,0,0,0,0,0,0,0,0,0,0,0,0,0,0,0,0,0,0,0,0,0,0,0,0,0,0,0,0,0,26
301921,"WYCLIFF CAL BRUT CHAMP - 750ML",12,6.99,83.88,0,0,0,0,0,0,0,0,0,0,0,0,0,0,0,0,0,0,0,0,0,0,0,0,0,0,0,0,0,0,0,0,0,0,0,0,0,0,0,0,0,0,0,0,0,0,0,0,0,0,0,0,0,19
42244,"BACARDI RUM GOLD - 200ML",24,4.99,119.76,0,0,0,0,0,0,0,0,0,0,0,0,0,0,0,0,0,0,0,0,0,0,0,0,0,0,0,0,0,0,0,0,0,0,0,0,0,0,0,0,0,0,0,0,0,0,0,0,0,0,0,0,0,29
74766,"LUNAZUL TEQUILA - BLANCO - 750ML",12,22.99,275.88,1,0,1,2,3,5,1,4,4,2,3,1,1,2,1,1,1,2,4,2,6,0,6,6,4,5,5,3,4,4,3,6,9,5,5,3,4,3,10,3,2,3,4,2,2,3,0,5,1,4,7,4,1,208
57541,"MAKER'S MARK 90P - 1.75L",6,54.99,329.94,2,7,1,6,3,3,7,1,5,3,3,5,3,1,1,1,2,4,2,1,6,2,3,0,0,5,4,2,3,2,4,2,3,4,3,1,1,2,1,8,4,7,2,2,6,4,7,4,1,4,5,7,2,233
186902,"FRACCHIA VOULET CASARZO - 750ML",12,16.99,203.88,0,0,7,2,1,2,3,2,1,5,4,3,1,0,1,1,2,1,4,4,15,4,15,6,3,2,7,2,10,0,3,3,3,4,1,1,0,2,1,3,1,0,1,9,3,4,0,4,2,3,7,8,0,200
18821,"BUCHANAN DELUXE 12YR - 750ML",12,38.99,467.88,5,2,1,4,2,6,1,0,1,1,2,1,2,0,2,10,0,0,6,2,2,6,4,3,2,2,9,2,10,0,4,2,2,1,1,7,4,1,3,1,3,1,2,3,1,4,4,3,1,8,3,18,6,222
35777,"GILBEY'S VODKA - 375ML",24,3.99,95.76,0,0,0,0,0,0,0,0,0,0,0,0,0,0,0,0,0,0,0,0,0,0,0,0,0,0,0,0,0,0,0,0,0,0,0,0,0,0,0,0,0,0,0,0,0,0,0,0,0,0,0,0,0,28
304924,"ABSOLUT LIME 50ML",120,2.59,310.8,7,8,1,3,8,3,6,0,8,3,1,0,0,0,6,4,2,2,4,2,1,2,2,2,2,1,1,11,0,4,1,5,5,5,14,2,18,4,3,13,6,0,0,0,0,0,0,0,0,0,0,0,0,293
75026,"NEW AMSTERDAM VODKA - PINK WHITNEY- 750ML",12,11.99,143.88,0,3,4,5,4,5,15,3,6,2,3,8,1,0,4,5,3,3,3,2,7,3,4,2,3,3,3,2,2,2,2,0,3,2,3,2,0,3,0,1,4,4,1,4,4,4,4,5,2,1,3,5,2,193
87360,"KORBEL BRUT CHAMPAGNE - 750ML",12,17.99,215.88,4,3,0,3,2,5,5,2,4,4,2,0,3,1,0,0,0,0,9,2,6,6,0,2,4,3,4,1,3,1,5,1,2,0,0,0,1,0,0,1,0,0,2,3,4,1,7,3,3,3,12,15,26,198
12976,"ATLAS DANCE OF DAYS 4/6 CAN",24,2.165,51.96,0,0,6,6,6,0,6,0,0,0,6,0,12,0,0,6,6,0,12,6,6,0,0,6,6,0,0,0,6,6,12,0,6,0,6,0,0,6,12,0,0,0,0,6,0,0,0,12,6,0,0,0,0,194
50660,"GRAND MARNIER CORDON ROUGE - 750ML",12,38.99,467.88,0,0,0,0,0,0,0,0,0,0,0,0,0,0,0,0,0,0,0,0,0,0,0,0,0,0,0,0,0,0,0,0,0,0,0,0,0,0,0,0,0,0,0,0,0,0,0,0,0,0,0,0,0,51
15077,"BEER FARM PHILSNER 4/6 CANS",24,1.998333333,47.959999992,0,0,18,0,0,12,12,0,0,6,6,12,0,0,0,6,6,0,30,6,0,24,0,0,6,0,0,0,0,0,6,6,0,0,0,0,0,0,0,6,6,0,0,0,0,0,0,0,0,0,0,0,0,194
333642,"CONFIDENCIAL RES RED - 750ML",12,11.99,143.88,6,0,1,1,1,7,1,7,2,3,5,7,6,1,2,1,6,2,0,0,2,0,7,0,2,0,2,1,8,3,1,2,7,1,2,2,0,7,6,4,6,2,4,11,3,4,2,4,1,2,9,0,3,191
84594,"BLACK BOX PINOT NOIR - 3L",6,21.99,131.94,2,2,3,3,3,4,0,0,4,2,4,2,4,2,4,6,2,2,4,3,2,2,0,5,4,3,3,4,3,2,5,7,5,6,3,2,4,4,3,3,2,4,4,2,5,4,2,2,4,6,0,5,1,195
83837,"BLACK BOX S/BLC 6/CS - 3L",6,21.99,131.94,0,0,0,0,0,0,0,0,0,0,0,0,0,0,0,0,0,0,0,0,0,0,0,0,0,0,0,0,0,0,0,0,0,0,0,0,0,0,0,0,0,0,0,0,0,0,0,0,0,0,0,0,0,28
81747,"BAREFOOT CEL MOSCATO - 750ML",12,7.99,95.88,1,2,2,6,5,4,4,3,1,3,5,1,6,3,4,2,3,6,6,2,3,11,2,4,2,5,4,3,2,2,1,5,0,2,0,0,3,3,3,2,0,1,3,5,1,4,4,7,2,4,6,2,1,186
15633,"BASIL HAYDEN BOURBON 750ML",12,44.99,539.88,5,4,7,4,5,6,2,2,4,3,3,1,3,3,3,1,3,4,3,5,1,2,1,5,0,1,3,3,4,5,1,3,1,2,3,1,0,4,7,3,2,3,2,1,3,6,2,2,4,7,11,2,0,223
90767,"CUTWATER WHISKEY SOUR 6/4 CAN",24,3.2475,77.94,0,0,0,0,0,0,0,0,0,0,0,0,0,0,0,0,0,0,0,0,0,0,0,0,0,0,0,0,0,0,0,0,0,4,8,8,16,8,4,8,4,20,4,8,8,8,8,12,12,8,0,8,8,191
348532,"99 SCHNAPPS VARIETY 4PK/50ML",120,1.09,130.8,0,0,0,0,0,0,0,0,0,0,0,0,0,0,0,0,0,0,0,0,0,0,0,0,0,0,0,0,0,0,0,0,0,0,0,0,0,0,0,0,0,0,0,0,0,0,0,0,0,0,0,0,0,121
74041,"LARCENY KY STRAIGHT BOURBON WHISKEY- 1.75L",6,46.99,281.94,12,1,1,1,3,4,14,0,0,0,0,3,3,12,0,0,0,0,0,12,0,2,0,1,0,9,1,4,0,1,14,4,2,1,3,2,0,0,0,13,1,1,0,2,1,4,3,9,1,3,15,0,0,216
89643,"MANGO SHOTTA (MANGO/JALAPENO) TEQ - 50ML",120,1.29,154.8,0,0,0,0,0,0,0,0,0,0,0,0,0,3,14,4,2,1,2,8,2,7,2,4,16,2,2,2,2,2,17,5,6,9,1,3,4,0,0,0,5,0,4,8,3,3,2,2,3,3,7,2,0,283
80359,"BENVOLIO P/GRIG - 750ML",12,10.99,131.88,0,4,5,3,2,5,5,0,2,0,0,3,2,2,2,4,2,5,2,3,3,7,5,4,5,3,4,5,3,3,3,5,3,2,7,3,2,4,6,3,3,3,5,3,3,4,6,3,1,0,0,0,0,185
92452,"SAM ADAMS COLD SNAP 4/6 NR",24,1.831666667,43.960000008,0,0,0,0,0,0,0,0,0,0,0,0,0,0,0,0,0,0,0,0,0,0,0,0,0,0,0,0,0,0,0,0,0,0,0,0,0,0,0,0,0,0,0,0,0,0,0,0,0,0,0,0,0,26
66478,"CAVIT P/GRIG - 187ML",24,3.99,95.76,8,8,0,5,0,9,3,8,0,4,3,4,0,4,5,5,4,0,0,4,0,4,3,0,0,0,0,0,0,0,3,3,0,4,4,2,8,6,2,0,0,0,0,8,8,4,4,4,0,4,16,1,0,190
90590,"MILLER LITE 30PK CAN - 12OZ",30,1.166333333,34.98999999,2,4,0,1,1,2,5,3,2,2,1,1,3,2,6,7,2,3,2,5,6,4,4,3,2,4,5,1,13,0,4,5,3,5,3,0,1,4,3,0,4,1,3,2,7,2,1,2,2,2,3,6,2,192
28380,"CANADIAN MIST WHISKEY - 375ML",24,6.99,167.76,6,5,6,2,4,4,3,5,9,2,0,7,2,1,0,0,1,4,3,0,0,6,7,2,6,7,6,7,4,7,6,3,2,0,2,0,0,2,0,0,0,1,0,0,0,2,4,7,5,5,3,0,2,191
17315,"CUTWATER ESPRESSO MARTINI 6/4 CAN",24,3.2475,77.94,0,4,0,0,4,4,28,0,0,4,0,0,4,8,0,0,0,4,0,0,0,8,4,0,0,0,8,0,0,0,4,8,0,4,4,4,4,0,0,8,0,0,0,4,4,0,0,8,8,20,0,0,0,187
18125,"CUTWATER MOJITO VP 3/8PK CAN",24,2.62375,62.97,0,0,0,0,0,0,8,0,0,8,0,0,0,0,0,0,0,0,8,0,0,8,0,8,8,16,24,0,0,24,8,0,0,8,0,16,0,8,0,8,0,0,0,0,0,0,0,0,0,0,0,0,0,187
42518,"WILD TURKEY 101 - 50ML",120,3.49,418.8,0,0,0,0,0,0,0,0,0,0,0,0,0,0,0,0,0,0,0,0,0,0,0,0,0,0,0,0,0,0,0,0,0,0,0,0,0,0,0,0,0,0,0,0,0,0,0,0,0,0,0,0,0,123
311322,"BLACK BOX CAB TETRA - 500ML",12,4.99,59.88,0,0,0,0,0,0,0,0,0,0,0,0,0,0,0,0,0,0,0,0,0,0,0,0,0,0,0,0,0,0,0,0,0,0,0,0,0,0,0,0,0,0,0,0,0,0,0,0,0,0,0,0,0,17
23213,"P MASSON BRANDY VS - 375ML",24,8.99,215.76,0,0,0,0,0,0,0,0,0,0,0,0,0,0,0,0,0,0,0,0,0,0,0,0,0,0,0,0,0,0,0,0,0,0,0,0,0,0,0,0,0,0,0,0,0,0,0,0,0,0,0,0,0,33
241952,"MI CAMPO BLANCO TEQUILA - 750ML",12,21.99,263.88,0,1,2,5,3,6,2,2,2,4,4,2,1,1,2,3,2,3,0,3,3,3,0,5,4,1,9,1,6,8,7,8,1,3,3,5,1,1,3,1,6,0,4,1,7,0,5,3,4,4,1,1,2,193
53228,"SUTTER HOME P/GRIG - 1.5L",6,13.99,83.94,4,2,0,2,4,2,3,3,6,2,3,3,5,3,3,2,7,3,2,5,3,3,4,4,2,4,4,4,2,3,0,6,2,2,4,3,2,3,4,3,3,3,2,5,2,4,2,2,0,1,2,4,3,179
20156,"BEER FARM HOP ENVY 4/6 CANS",24,2.831666667,67.960000008,0,0,0,0,0,0,0,0,0,0,0,0,0,0,0,0,0,0,6,0,6,6,0,6,0,0,12,6,0,0,0,0,0,6,0,0,0,0,6,12,6,6,6,18,12,0,0,12,0,6,6,18,0,183
84906,"BAREFOOT CEL RED MOSCATO - 187ML",24,1.99,47.76,0,0,0,0,0,0,0,0,0,0,0,0,0,0,0,0,0,0,0,0,0,0,0,0,0,0,0,0,0,0,0,0,0,0,0,0,0,0,0,0,0,0,0,0,0,0,0,0,0,0,0,0,0,26
73534,"NEW AMSTERDAM VODKA - 1.75L",6,21.99,131.94,2,4,4,2,2,1,2,1,2,1,3,3,3,0,2,0,1,3,0,4,5,4,4,2,4,10,3,2,3,1,4,2,4,2,7,8,3,3,3,0,4,2,0,4,3,8,4,7,3,2,1,2,2,184
311327,"BLACK BOX P/GRIG TETRA - 500ML",12,4.99,59.88,0,0,0,0,0,0,0,0,0,0,0,0,0,0,0,0,0,0,0,0,0,0,0,0,0,0,0,0,0,0,0,0,0,0,0,0,0,0,0,0,0,0,0,0,0,0,0,0,0,0,0,0,0,17
242127,"JOSH CELLARS PINOT GRIGIO - 750ML",12,16.99,203.88,0,2,2,2,5,2,9,2,4,2,1,2,2,0,3,6,3,3,6,1,5,6,3,4,0,4,2,5,0,0,4,3,3,5,5,2,5,1,1,1,4,1,1,4,0,4,7,6,3,2,2,3,2,184
73062,"JOSE CUERVO SILVER TEQUILA -FLASK-375ML",24,12.99,311.76,2,3,2,5,0,2,4,8,8,2,0,2,3,3,4,3,4,1,3,3,1,7,2,3,7,1,1,4,1,4,3,2,4,2,4,4,4,1,1,2,2,1,2,2,5,8,1,1,2,2,5,3,0,191
70756,"FINEST CALL SWEET & SOUR - 1L",12,4.99,59.88,3,3,1,3,3,3,2,4,1,2,3,0,6,4,3,2,4,2,6,3,6,3,3,3,2,4,2,4,2,1,5,1,4,4,1,2,1,4,2,2,2,5,1,3,1,4,3,3,3,3,4,5,3,171
50318,"1800 TEQUILA SILVER 750ML",12,32.99,395.88,1,2,2,2,2,2,3,2,4,1,5,1,4,3,2,2,1,6,3,1,7,0,2,2,2,2,8,4,3,9,4,3,2,0,3,2,3,11,0,2,2,3,1,1,4,6,2,2,0,1,6,6,2,199
83804,"BLACK BOX P/GRIG  6/CS - 3L",6,21.99,131.94,0,0,1,5,2,4,7,7,1,3,3,0,1,1,3,8,3,6,5,3,5,2,5,2,2,5,0,1,2,2,8,2,1,1,3,4,3,3,2,4,0,1,1,1,3,7,8,5,0,1,5,1,0,181
29696,"KETEL ONE VODKA - 50ML",120,2.69,322.8,1,2,4,2,0,0,3,0,0,1,4,2,5,2,1,2,3,4,0,2,0,4,4,2,5,0,2,5,2,0,5,1,2,9,2,6,24,1,2,1,3,5,6,10,0,7,7,0,0,0,0,0,0,276
40177,"E AND J BRANDY VS - 750ML",12,10.99,131.88,0,3,6,4,0,1,1,1,3,4,2,0,2,1,2,1,3,1,2,4,3,3,3,3,5,3,3,3,0,2,4,3,2,4,1,4,3,4,6,5,4,5,3,2,1,1,4,4,4,6,8,3,3,176
76570,"BOGLE P/NOIR - 750ML",12,11.99,143.88,0,0,0,0,0,0,0,0,0,0,0,0,0,0,0,0,0,0,0,0,0,0,0,0,0,0,0,0,0,0,0,0,0,0,0,0,0,0,0,0,0,0,0,0,0,0,0,0,0,0,0,0,0,24
82870,"SEAGLASS S/BLC - 750ML",12,12.99,155.88,0,0,0,0,0,0,0,0,0,0,0,0,0,0,0,0,0,0,0,0,0,0,0,0,0,0,0,0,0,0,0,0,0,0,0,0,0,0,0,0,0,0,0,0,0,0,0,0,0,0,0,0,0,25
19014,"DEVILS BACKBONE SMASH PACK RTD 3/8 CANS",24,3.12375,74.97,0,0,0,0,0,0,16,0,0,16,8,0,0,0,0,0,0,0,8,0,0,8,16,8,8,16,16,8,8,0,0,8,0,8,0,0,0,0,0,0,0,0,0,0,0,0,0,0,0,0,0,0,0,179
38806,"CASTILLO RUM - WHITE - 1L",12,8.99,107.88,0,0,0,0,0,0,0,0,0,0,0,0,0,0,0,0,0,0,0,0,0,0,0,0,0,0,0,0,0,0,0,0,0,0,0,0,0,0,0,0,0,0,0,0,0,0,0,0,0,0,0,0,0,21
58278,"JACK DANIELS & COKE  4 PK - RTD - 355ML",24,3.2475,77.94,0,20,4,4,8,0,4,0,0,4,0,0,0,0,4,0,0,12,0,8,4,4,0,8,4,4,0,4,0,0,16,0,0,4,4,4,0,0,4,0,0,4,0,0,0,4,0,8,0,4,4,0,0,179
18769,"NUTRL VODKA SODA FRUIT VARIETY RTD 3/8 CAN",24,2.74875,65.97,0,0,0,8,0,0,8,0,0,0,0,0,0,0,0,8,0,0,0,0,0,0,0,0,0,24,8,0,24,0,0,0,0,0,16,0,8,0,0,16,0,0,8,0,0,16,0,0,8,0,0,0,0,179
71785,"HIGH NOON SUN SIPS PINEAPPLE - RTD - 355ML - 6/4PK",24,2.7475,65.94,0,0,0,0,0,0,0,0,0,0,0,0,0,0,0,0,0,0,0,0,0,0,0,0,0,0,0,0,0,0,0,0,0,0,0,0,0,0,0,0,0,0,0,0,0,0,0,0,0,0,0,0,0,27
38580,"CAPTAIN MORGAN SPICED RUM - 1.75L",6,27.99,167.94,1,2,3,3,4,3,4,1,1,2,2,2,5,4,3,3,1,1,3,2,0,4,2,2,4,2,3,1,5,2,5,2,0,4,1,5,4,2,2,4,5,6,3,6,3,1,4,6,4,1,2,4,2,185
34940,"MONTEZUMA TEQUILA - BLUE - 1L",12,10.99,131.88,0,0,0,0,0,0,0,0,0,0,0,0,0,0,0,0,0,0,0,0,0,0,0,0,0,0,0,0,0,0,0,0,0,0,0,0,0,0,0,0,0,0,0,0,0,0,0,0,0,0,0,0,0,23
86744,"DARK HORSE CHARD - 750ML",12,9.99,119.88,3,0,2,0,0,1,4,0,5,1,10,8,8,7,4,4,7,2,5,5,0,2,1,4,0,0,2,0,1,1,2,2,3,4,0,0,1,2,1,1,19,2,2,4,2,2,0,11,0,0,4,1,0,172
88948,"THE FINNISH LONG DRINK ZERO SUGAR CITRUS 4/6PK - 12OZ CAN",24,3.165,75.96,0,0,0,0,0,0,0,0,0,0,0,0,0,0,0,0,0,0,0,0,0,0,0,0,0,0,0,0,0,0,0,0,0,0,0,0,0,0,0,0,0,0,0,0,0,0,0,0,0,0,0,0,0,27
87084,"COOKS IMPERIAL BRUT CHAMP - 750ML",12,9.99,119.88,0,0,0,0,0,0,0,0,0,0,0,0,0,0,0,0,0,0,0,0,0,0,0,0,0,0,0,0,0,0,0,0,0,0,0,0,0,0,0,0,0,0,0,0,0,0,0,0,0,0,0,0,0,22
88374,"SIMI CHARD - 750ML",12,16.99,203.88,0,0,0,0,0,0,0,0,0,0,0,0,0,0,0,0,0,0,0,0,0,0,0,0,0,0,0,0,0,0,0,0,0,0,0,0,0,0,0,0,0,0,0,0,0,0,0,0,0,0,0,0,0,29
77773,"TRULY POOL PARTY SELTZER VP 2/12 CAN",24,1.665833333,39.979999992,0,0,0,0,0,0,0,0,0,0,0,0,0,0,0,0,0,0,0,0,0,12,2,12,1,13,36,0,0,0,12,0,0,0,0,12,0,0,0,12,24,0,0,1,12,0,0,0,0,0,0,0,0,175
300649,"STELLA ROSA MOSCATO D'ASTI  750",12,12.99,155.88,0,0,0,0,0,0,0,0,0,0,0,0,0,0,0,0,0,0,0,0,0,0,0,0,0,0,0,0,0,0,0,0,0,0,0,0,0,0,0,0,0,0,0,0,0,0,0,0,0,0,0,0,0,25
80637,"MURPHY GOODE CAB - 750ML",12,14.99,179.88,0,5,2,2,2,0,1,2,0,2,3,1,2,4,0,2,1,4,6,1,4,5,7,0,5,2,2,4,3,3,0,2,6,3,5,0,2,5,3,3,5,5,2,5,4,5,7,1,1,5,1,4,0,176
51071,"BAILEYS IRISH CREAM - 1L",12,39.99,479.88,0,0,0,6,1,3,7,4,2,3,6,3,1,1,1,5,0,3,2,2,1,4,3,0,1,2,1,1,2,0,5,4,1,2,0,5,2,2,2,2,2,3,1,8,0,3,9,5,4,5,7,7,5,201
50040,"JAGERMEISTER LIQUEUR - 750ML",12,22.99,275.88,2,9,1,2,6,2,2,2,2,4,4,0,2,6,1,4,6,3,3,5,1,1,4,4,1,5,3,0,2,2,2,0,1,2,1,2,2,3,3,5,2,3,3,7,1,0,4,2,2,2,7,3,2,183
296884,"VEUVE DU VERNAY ICE ROSE - 750ML",12,12.99,155.88,0,1,0,0,3,8,9,2,5,3,2,3,0,0,0,0,0,0,0,3,4,5,12,4,2,1,3,6,5,1,0,0,0,4,1,4,0,5,2,3,2,2,3,2,0,7,3,5,5,5,3,2,8,173
241464,"99 SCHNAPPS ROOT BEER - 50ML",120,1.09,130.8,0,0,0,0,0,0,0,0,0,0,0,0,0,0,0,0,0,0,0,0,0,0,0,0,0,0,0,0,0,0,0,0,0,0,0,0,0,0,0,0,0,0,0,0,0,0,0,0,0,0,0,0,0,121
37842,"GREY GOOSE VODKA - 1L",6,44.99,269.94,0,0,1,2,0,3,0,5,0,3,1,2,7,1,6,3,7,3,3,3,6,4,1,6,2,1,5,5,1,2,0,4,3,1,2,3,3,2,3,0,0,0,2,0,2,8,3,4,3,3,1,13,4,198
337107,"SUTTER HOME SWEET RED - 187ML",24,2.99,71.76,0,0,0,0,0,0,0,0,0,0,0,0,0,0,0,0,0,0,0,0,0,0,0,0,0,0,0,0,0,0,0,0,0,0,0,0,0,0,0,0,0,0,0,0,0,0,0,0,0,0,0,0,0,27
26573,"JACK DANIELS BLACK - 1L",12,37.99,455.88,1,0,0,0,0,0,7,4,0,5,6,2,2,1,3,7,2,4,0,4,4,3,0,3,6,4,2,2,6,4,2,3,4,5,4,1,6,0,2,1,1,0,1,8,2,3,1,5,4,0,3,6,3,197
70978,"JACK DANIELS TENNESSEE HONEY - 750ML",12,25.99,311.88,0,0,0,0,0,0,0,0,0,0,0,0,0,0,0,0,0,0,0,0,0,0,0,0,0,0,0,0,0,0,0,0,0,0,0,0,0,0,0,0,0,0,0,0,0,0,0,0,0,0,0,0,0,38
38601,"BACARDI RUM - GOLD - 1.75L",6,25.99,155.94,0,3,4,3,2,4,2,2,3,2,5,4,3,2,0,4,2,3,1,1,3,2,1,5,1,2,1,4,2,0,1,2,3,2,2,2,7,9,3,3,3,3,2,1,1,4,5,7,2,0,5,7,1,178
60392,"ATLAS BLOOD ORANGE GOSE 4/6 CANS",24,2.165,51.96,0,6,0,6,0,6,0,0,0,6,12,12,6,0,0,0,0,0,6,6,0,0,0,0,0,0,6,0,0,0,6,0,0,6,0,6,0,0,0,0,0,0,6,12,6,0,6,18,0,6,0,0,0,170
54222,"SMIRNOFF VODKA - SMASH VARIETY PACK( 3/8PK CAN ) 355ML",24,2.24875,53.97,0,0,0,0,0,0,0,0,0,0,0,0,0,0,0,0,0,0,0,0,0,0,0,0,0,0,24,0,0,0,16,8,0,0,0,0,16,0,8,0,0,0,0,8,0,0,8,24,0,8,8,0,16,170
77865,"ALLAGASH TRIPLE 4/6 NR",24,2.831666667,67.960000008,0,0,0,0,0,0,0,0,0,0,0,0,0,0,0,0,0,0,0,0,0,0,0,0,0,0,0,0,0,0,0,0,0,0,0,0,0,0,0,0,0,0,0,0,0,0,0,0,0,0,0,0,0,27
25135,"RUFFINO LUMINA P/GRIG - 750ML",12,12.99,155.88,4,2,2,3,5,1,8,0,4,4,4,5,4,2,3,6,3,2,7,1,6,2,1,1,2,1,2,2,1,5,1,7,2,2,3,2,1,1,3,0,1,0,2,1,1,1,2,5,4,3,3,3,3,169
68673,"DENIZENS THIRD PARTY 4/6 CANS",24,2.331666667,55.960000008,0,0,0,0,0,0,0,0,0,0,0,0,0,0,0,0,0,0,0,0,0,0,0,0,0,0,0,0,0,0,0,0,0,0,0,0,0,0,0,0,0,0,0,0,0,0,0,0,0,0,0,0,0,26
47376,"MENAGE A TROIS EXOTIC BLEND - 750ML",12,12.99,155.88,1,3,2,1,1,10,7,4,6,4,2,3,3,1,1,0,1,0,0,2,1,0,3,3,1,1,6,4,1,0,3,0,4,4,4,3,3,3,4,4,2,4,3,4,5,4,0,3,2,4,3,2,4,169
80911,"KIM CRAWFORD S/BLC - 750ML",12,18.99,227.88,0,0,0,0,0,0,0,0,0,0,0,0,0,0,0,0,0,0,0,0,0,0,0,0,0,0,0,0,0,0,0,0,0,0,0,0,0,0,0,0,0,0,0,0,0,0,0,0,0,0,0,0,0,31
305536,"RUFFINO PROSECCO - 750ML",12,14.99,179.88,0,0,0,0,0,0,0,0,0,0,0,0,0,0,0,0,0,0,0,0,0,0,0,0,0,0,0,0,0,0,0,0,0,0,0,0,0,0,0,0,0,0,0,0,0,0,0,0,0,0,0,0,0,27
75647,"CORBETT CANYON P/GRIG - 1.5L",6,11.99,71.94,0,0,0,1,0,1,0,0,1,1,3,1,2,1,1,0,0,1,4,0,2,1,1,1,1,0,0,0,0,1,7,1,3,3,2,9,0,9,6,6,5,8,5,6,6,8,5,4,7,5,8,3,3,161
241470,"99 SCHNAPPS PEACH - 50ML",120,1.09,130.8,0,0,0,0,0,0,0,0,0,0,0,0,0,0,0,0,0,0,0,0,0,0,0,0,0,0,0,0,0,0,0,0,0,0,0,0,0,0,0,0,0,0,0,0,0,0,0,0,0,0,0,0,0,121
38261,"EL JIMADOR TEQUILA - BLANCO - 750ML-12CS",12,23.99,287.88,0,1,1,2,8,1,2,1,1,1,4,2,2,2,2,0,1,6,0,1,3,2,1,0,1,2,2,2,3,0,3,2,1,1,4,3,5,3,0,1,0,2,2,7,0,5,7,0,12,3,13,12,3,179
89612,"99 SCHNAPPS BLUE RASPBERRIES - 50ML",120,1.09,130.8,0,0,0,0,0,0,0,0,0,0,0,0,0,0,0,0,0,0,0,3,7,2,4,6,8,2,8,12,14,10,14,2,27,0,0,0,0,0,0,0,0,0,6,2,1,3,1,2,3,3,2,0,0,263
377461,"XXL BLACKBERRY MOSCATO - 750ML",12,15.99,191.88,0,0,0,0,0,0,0,0,0,0,0,0,0,0,0,0,0,0,0,0,0,0,0,0,0,0,0,0,0,0,0,0,0,0,0,0,0,0,0,0,0,0,0,0,0,0,0,0,0,0,0,0,0,28
43656,"CAZADORES TEQUILA REPOSADO - 750ML",12,25.99,311.88,1,2,4,3,7,2,5,1,0,1,3,0,0,3,0,0,2,2,1,1,1,2,5,4,4,3,0,1,2,1,4,1,2,4,2,0,1,0,0,0,40,1,4,2,5,4,0,2,0,0,3,3,2,179
70389,"CAMARENA TEQUILA - REPOSADO - 750ML",12,25.99,311.88,1,0,6,4,1,5,2,13,3,0,0,2,1,1,2,2,13,2,2,3,1,3,4,2,1,1,0,0,1,4,1,1,1,2,3,2,0,1,1,2,15,4,2,1,5,1,3,2,2,3,1,4,4,179
83766,"APOTHIC CAL CAB  - 750ML",12,13.99,167.88,6,3,0,0,0,3,3,5,7,6,6,1,7,1,5,1,2,7,6,1,1,1,1,0,1,0,5,1,0,0,8,0,1,1,0,0,2,4,5,5,2,0,2,7,3,4,1,4,3,0,3,1,5,167
330401,"JOSH CELLARS S/BLC - 750ML",12,16.99,203.88,0,0,0,0,0,0,0,0,0,0,0,0,0,0,0,0,0,0,0,0,0,0,0,0,0,0,0,0,0,0,0,0,0,0,0,0,0,0,0,0,0,0,0,0,0,0,0,0,0,0,0,0,0,29
18647,"NUTRL PINEAPPLE RTD 6/4 CAN",24,2.99,71.76,0,0,4,0,0,0,2,0,1,0,1,0,0,0,0,8,1,0,8,0,0,8,4,4,0,12,0,0,0,8,0,8,0,12,0,16,0,8,0,12,4,0,4,4,4,0,0,0,0,0,0,8,0,168
88538,"BLACK BOX CALIFORNIA BUTTERY CHARD -3L",6,21.99,131.94,0,0,0,0,0,0,0,0,0,0,0,0,0,0,0,0,0,0,0,0,0,0,0,0,0,0,0,0,0,0,0,0,0,0,0,0,0,0,0,0,0,0,0,0,0,0,0,0,0,0,0,0,0,28
88787,"CLOS DU BOIS BUTTERY CHARD - 750ML",12,11.99,143.88,0,0,0,0,0,0,0,0,0,0,0,0,0,0,0,0,0,0,0,0,0,0,0,0,0,0,0,0,0,0,0,0,0,0,0,0,0,0,0,0,0,0,0,0,0,0,0,0,0,0,0,0,0,24
175501,"BOGLE CHARD - 750ML",12,11.99,143.88,0,0,0,0,0,0,0,0,0,0,0,0,0,0,0,0,0,0,0,0,0,0,0,0,0,0,0,0,0,0,0,0,0,0,0,0,0,0,0,0,0,0,0,0,0,0,0,0,0,0,0,0,0,24
85910,"WOODBRIDGE CHARD - 750ML",12,8.99,107.88,2,0,0,10,0,3,8,6,0,0,0,13,0,0,0,1,8,0,0,0,8,1,0,6,0,0,1,6,1,0,0,0,9,0,9,0,6,3,0,0,12,4,0,0,2,8,0,1,6,6,0,0,0,161
82507,"BAREFOOT CEL RIESLING - 187ML",24,1.99,47.76,0,0,0,0,0,0,0,0,0,0,0,0,0,0,0,0,0,0,0,0,0,0,0,0,0,0,0,0,0,0,0,0,0,0,0,0,0,0,0,0,0,0,0,0,0,0,0,0,0,0,0,0,0,26
37834,"GREY GOOSE VODKA - 1.75L",6,49.99,299.94,3,0,0,3,2,3,5,4,0,6,0,2,4,2,5,1,3,9,0,2,3,2,5,3,3,2,3,5,1,0,2,0,2,1,3,1,0,2,1,4,3,2,1,4,3,1,6,2,2,5,2,10,2,196
75906,"BLACK BOX CHARD BIB - 3L",6,21.99,131.94,0,0,0,0,0,0,0,0,0,0,0,0,0,0,0,0,0,0,0,0,0,0,0,0,0,0,0,0,0,0,0,0,0,0,0,0,0,0,0,0,0,0,0,0,0,0,0,0,0,0,0,0,0,28
67580,"BAREFOOT BUBBLY BRUT - 750ML",12,12.99,155.88,0,0,0,0,0,0,0,0,0,0,0,0,0,0,0,0,0,0,0,0,0,0,0,0,0,0,0,0,0,0,0,0,0,0,0,0,0,0,0,0,0,0,0,0,0,0,0,0,0,0,0,0,0,25
32166,"TANQUERAY GIN - 1.75L",6,42.99,257.94,3,5,2,2,4,2,3,1,1,1,2,2,3,0,1,1,2,2,1,3,3,2,4,0,3,7,4,2,3,1,1,3,3,5,5,3,2,1,2,2,1,3,4,3,2,1,3,6,3,2,6,6,2,188
47191,"SVEDKA VODKA - 375ML",24,6.99,167.76,0,0,0,0,0,0,0,0,0,0,0,0,0,0,0,0,0,0,0,0,0,0,0,0,0,0,0,0,0,0,0,0,0,0,0,0,0,0,0,0,0,0,0,0,0,0,0,0,0,0,0,0,0,31
81190,"BAREFOOT ON THE GO MOSCATO - 500ML",12,4.99,59.88,0,2,4,0,2,2,2,0,1,1,0,0,1,0,3,0,0,2,2,4,0,0,9,0,0,2,1,1,2,1,0,2,2,0,6,11,4,0,0,4,0,6,4,5,9,9,4,8,5,4,8,0,4,154
11207,"MAKER'S MARK 90P - 1L",12,43.99,527.88,2,0,2,1,2,4,2,5,1,0,1,1,1,1,0,2,3,2,2,5,0,6,0,1,3,4,2,4,4,3,3,4,1,1,2,5,2,3,4,0,4,1,1,7,4,5,4,3,3,8,2,5,1,193
75841,"BLACK BOX CAB-BIB - 3L",6,21.99,131.94,1,5,3,3,2,4,7,4,8,1,1,2,2,7,1,6,3,3,1,3,7,2,0,3,2,1,2,1,0,3,0,0,0,5,7,0,4,2,3,1,0,3,2,5,3,1,3,4,1,3,1,0,1,165
52833,"KORBEL BRUT CHAMPAGNE 24/C - 187ML",24,5.99,143.76,0,0,2,0,0,4,0,1,6,3,8,0,4,4,0,4,2,10,12,0,0,0,0,0,0,6,2,0,16,0,2,8,4,5,5,0,0,1,0,4,1,0,4,0,4,2,0,0,0,2,4,1,6,167
83810,"CH ST MICH RIESLING - 750ML",12,15.99,191.88,0,0,0,0,0,0,0,0,0,0,0,0,0,0,0,0,0,0,0,0,0,0,0,0,0,0,0,0,0,0,0,0,0,0,0,0,0,0,0,0,0,0,0,0,0,0,0,0,0,0,0,0,0,28
72554,"NEW AMSTERDAM VODKA 100P - 1.75L",6,25.99,155.94,0,4,0,6,1,1,3,1,0,2,2,7,1,1,0,2,9,3,1,3,2,9,1,1,3,10,3,1,0,1,7,1,3,2,8,0,1,1,6,0,2,1,6,0,0,1,1,6,1,3,1,1,6,168
358986,"MR BOSTON TRIPLE SEC - 1LTR",12,4.99,59.88,0,0,0,0,0,0,0,0,0,0,0,0,0,0,0,0,0,0,0,0,0,0,0,0,0,0,0,0,0,0,0,0,0,0,0,0,0,0,0,0,0,0,0,0,0,0,0,0,0,0,0,0,0,17
28681,"CROWN ROYAL - 750ML",12,29.99,359.88,0,0,0,0,0,1,3,2,1,6,6,3,4,4,3,3,1,2,1,2,3,3,2,2,1,0,6,1,2,2,0,1,2,2,4,6,0,1,1,2,4,1,7,3,2,5,7,3,2,3,8,6,2,178
17047,"NUTRL ORANGE RTD 6/4 CAN",24,2.9975,71.94,0,0,0,0,0,0,0,0,4,0,8,0,0,0,0,0,12,4,0,4,0,0,4,16,8,8,12,12,0,0,4,0,0,0,4,12,0,0,0,0,0,0,8,0,4,4,0,0,0,8,0,0,0,163
42272,"FEVER TREE GINGER BEER 3/8PK CAN - 150ML",24,1.332916667,31.990000008,0,0,0,0,0,0,0,0,0,0,0,0,0,0,0,0,0,0,0,0,0,0,0,0,0,0,0,0,0,0,0,0,0,0,0,0,0,0,0,0,0,0,0,0,0,0,0,0,0,0,0,0,0,25
73513,"NEW AMSTERDAM VODKA - 750ML",12,11.99,143.88,1,2,1,6,1,0,5,0,1,5,3,2,4,4,1,2,6,5,1,2,2,0,3,2,3,3,5,6,6,3,3,1,2,2,1,0,1,0,1,1,2,2,4,1,5,3,1,5,2,3,2,7,1,159
346638,"CHUM-CHURUM SOONHARI APPLE SOJU - 375ML",20,7.99,159.8,1,2,1,0,2,0,7,1,6,2,4,1,8,2,4,2,1,1,4,4,2,4,2,1,0,0,1,0,4,3,4,1,0,1,6,0,6,5,4,1,3,4,1,8,3,1,3,4,1,2,1,5,0,162
87364,"BAREFOOT CEL ROSE - 187ML",24,1.99,47.76,0,0,0,0,0,0,0,0,0,0,0,0,0,0,0,0,0,0,0,0,0,0,0,0,0,0,0,0,0,0,0,0,0,0,0,0,0,0,0,0,0,0,0,0,0,0,0,0,0,0,0,0,0,26
75470,"WOODFORD RESERVE KY STRAIT - 1.75L",6,69.99,419.94,2,4,1,4,2,1,3,0,5,1,2,3,3,2,0,7,0,5,0,5,3,3,2,2,0,5,3,1,5,3,2,1,2,3,7,2,6,3,3,2,1,3,0,0,2,1,4,2,2,3,3,4,0,209
67571,"BAREFOOT CEL P/GRIG - 750ML",12,7.99,95.88,0,3,0,5,2,0,2,3,2,0,4,4,0,2,2,5,2,3,2,0,0,0,1,3,0,1,2,9,3,8,4,8,3,1,8,1,3,4,0,0,7,0,1,4,1,2,1,5,0,2,2,6,2,153
166661,"MASTER OF MIXES COCKTAIL ESSENTIALS SIMPLE SYRUP-NA",12,3.99,47.88,0,0,0,0,0,0,0,0,0,0,0,0,0,0,0,0,0,0,0,0,0,0,0,0,0,0,0,0,0,0,0,0,0,0,0,0,0,0,0,0,0,0,0,0,0,0,0,0,0,0,0,0,0,16
12827,"CASAMIGOS TEQUILA BLANCO - 1L",6,63.99,383.94,4,4,2,2,2,4,5,3,2,2,7,6,2,2,8,3,2,5,4,3,1,4,0,4,2,4,4,8,2,3,5,3,0,3,2,1,3,1,1,0,2,2,3,2,0,0,0,0,0,0,0,0,0,202
16574,"SILVER BRANCH CLOUD NINE 4/6 CANS",24,2.331666667,55.960000008,0,6,0,0,0,0,0,0,0,12,0,6,0,6,0,0,6,6,0,18,0,0,0,0,0,0,6,0,6,0,0,0,6,12,0,6,0,0,0,6,6,0,0,6,0,0,0,0,0,12,6,0,0,158
71328,"JOSE CUERVO SILVER TEQUILA - 1L",12,27.99,335.88,2,2,3,3,2,1,6,1,2,8,5,2,3,4,2,5,1,1,1,2,4,3,1,2,3,2,2,3,2,0,2,2,2,2,6,2,1,1,1,0,2,2,3,1,3,4,3,2,5,2,3,4,1,172
88942,"THE FINNISH LONG DRINK STRONG CITRUS 4/6PK - 12OZ CAN",24,3.499583333,83.989999992,0,0,0,0,0,0,0,0,0,0,0,0,0,0,0,0,0,0,0,0,0,0,0,0,0,0,0,0,0,0,0,0,0,0,0,0,0,0,0,0,0,0,0,0,0,0,0,0,0,0,0,0,0,27
12867,"SIERRA NEVADA OKTOBERFEST 4/6 CN",24,1.831666667,43.960000008,0,0,0,0,0,0,0,0,0,18,0,0,0,0,0,0,0,0,0,0,0,0,0,0,0,0,0,0,0,0,0,0,0,0,0,0,6,36,12,18,0,6,0,18,18,0,0,0,0,0,0,0,0,158
70519,"AGUARDIENTE ANTIOQUENO SIN AZUCAR - 750ML",12,21.99,263.88,0,0,0,0,0,0,0,0,0,0,0,0,0,0,0,0,0,0,0,0,0,0,0,0,0,0,0,0,0,0,0,0,0,0,0,0,0,0,0,0,0,0,0,0,0,0,0,0,0,0,0,0,0,34
50431,"DISARONNO AMARETTO - 50ML",120,3.09,370.8,0,0,0,0,0,0,0,0,0,0,0,0,0,0,0,0,0,0,0,0,0,0,0,0,0,0,0,0,0,0,0,0,0,0,0,0,0,0,0,0,0,0,0,0,0,0,0,0,0,0,0,0,0,123
42177,"CASAMIGOS TEQUILA REPOSADO - 1L",6,69.99,419.94,0,0,0,0,0,0,0,0,0,0,0,0,0,0,0,0,0,0,0,0,0,0,0,0,0,0,0,0,0,0,0,0,0,0,0,0,0,0,0,0,0,0,0,0,0,0,0,0,0,0,0,0,0,76
76300,"NEW AMSTERDAM VODKA - APPLE - 50ML",120,1.09,130.8,0,0,0,5,5,13,7,2,5,9,19,5,8,6,6,2,12,0,8,9,9,1,0,0,0,0,0,0,0,0,0,0,0,0,0,0,0,0,0,0,0,0,0,0,0,0,0,0,0,0,0,0,0,252
244012,"POST MERIDIEM MAI TAI - 24/100ML",24,4.99,119.76,3,0,0,0,4,3,0,3,1,0,3,0,5,3,1,0,1,2,2,3,0,1,2,6,4,2,1,0,5,6,4,0,2,0,3,3,1,4,4,0,5,3,7,5,5,5,5,3,4,3,0,1,2,159
32077,"TANQUERAY GIN - 750ML",12,24.99,299.88,0,2,10,3,0,3,3,5,0,3,1,5,0,4,2,1,8,2,4,2,5,3,2,2,1,2,4,0,1,0,3,4,4,4,1,1,2,4,2,1,2,2,4,1,2,2,1,3,1,3,0,4,1,167
72907,"NOBILO MARLBOROUGH S/BLC - 750ML",12,13.99,167.88,1,2,0,1,0,1,1,0,2,1,2,2,2,2,0,1,1,5,2,3,2,0,0,5,2,2,3,1,17,8,0,3,1,3,3,0,0,4,1,1,5,3,3,1,4,5,2,2,0,1,5,6,7,155
20460,"SEAGRAM'S 7 CROWN - 1.75L",6,20.99,125.94,3,0,0,2,4,3,3,1,2,3,1,2,4,2,3,4,6,3,2,2,1,3,3,4,3,0,4,4,3,3,2,3,4,2,4,1,2,3,2,2,2,3,0,2,3,3,4,0,2,3,2,2,0,156
20745,"WOODBRIDGE P/GRIG - 1.5L",6,15.99,95.94,0,1,3,7,5,6,2,0,0,5,2,0,3,3,0,3,2,0,8,3,0,7,2,2,3,0,3,2,0,4,3,1,3,2,0,0,5,4,2,6,0,2,0,2,0,1,3,4,8,4,3,0,0,151
240594,"MENAGE A TROIS SWEET COLLECTION MOSCATO - 750ML",12,13.99,167.88,0,0,0,0,0,0,0,0,0,0,0,0,0,0,0,0,0,0,0,0,0,0,0,0,0,0,0,0,0,0,0,0,0,0,0,0,0,0,0,0,0,0,0,0,0,0,0,0,0,0,0,0,0,26
251032,"PARROT BAY COCONUT - 50ML",120,1.09,130.8,0,3,0,1,1,3,0,0,3,0,0,0,1,8,3,1,3,6,1,2,0,1,2,6,0,1,0,3,0,0,0,4,0,7,0,3,3,0,6,1,1,9,7,0,0,3,5,0,5,7,14,2,2,249
11703,"KENTUCKY GENTLEMAN - 1.75L",6,15.99,95.94,0,2,3,1,0,4,2,1,4,4,3,3,1,3,2,2,0,6,1,4,4,1,0,3,3,4,3,3,1,2,4,2,4,2,4,6,5,1,4,2,1,2,3,2,4,0,2,0,1,2,5,2,0,150
80583,"APOTHIC CAL INFERNO RED BLEND - 750ML",12,14.99,179.88,1,1,5,4,0,3,2,1,3,0,3,3,2,6,4,2,4,0,5,2,1,1,3,8,6,0,1,1,0,4,2,4,1,1,4,1,3,3,0,5,1,0,2,1,2,2,0,8,1,6,2,0,3,155
74713,"YELLOW TAIL CHARD - 750ML",12,6.99,83.88,1,2,2,0,0,0,0,1,0,1,1,1,4,2,1,1,0,1,4,0,5,2,2,0,0,10,0,5,5,0,0,0,6,9,1,4,6,0,0,0,0,4,0,4,4,8,4,8,0,4,11,0,4,147
166860,"GRAND MARNIER CORDON ROUGE - 1L",6,47.99,287.94,0,0,0,0,0,0,0,0,0,0,0,0,0,0,0,0,0,0,0,0,0,0,0,0,0,0,0,0,0,0,0,0,0,0,0,0,0,0,0,0,0,0,0,0,0,0,0,0,0,0,0,0,0,54
61530,"HPNOTIQ LIQUEUR - 50ML",96,3.99,383.04,0,0,0,0,0,0,0,0,0,0,0,0,0,0,0,0,0,0,0,0,0,0,0,0,0,0,0,0,0,0,0,0,0,0,0,0,0,0,0,0,0,0,0,0,0,0,0,0,0,0,0,0,0,100
251034,"PARROT BAY STRAWBERRY - 50ML",120,1.09,130.8,1,0,0,7,1,1,4,1,1,2,1,23,1,0,1,11,10,7,13,6,0,0,0,2,0,0,0,0,2,3,0,3,2,6,0,2,3,1,0,1,0,2,1,0,0,0,0,1,0,0,6,1,0,248
29041,"ATLAS DISTRICT COMMON 4/6 CAN",24,2.165,51.96,0,0,18,0,0,6,6,0,6,0,0,0,12,0,0,6,0,0,0,0,6,0,0,0,6,0,0,6,12,0,6,0,0,0,6,0,0,6,0,6,6,0,6,0,0,0,0,0,0,6,0,0,0,152
70385,"FIREBALL CINNAMON WHISKY - 750ML",12,17.99,215.88,0,0,0,0,0,0,0,0,0,0,0,0,0,0,0,0,0,0,0,0,0,0,0,0,0,0,0,0,0,0,0,0,0,0,0,0,0,0,0,0,0,0,0,0,0,0,0,0,0,0,0,0,0,30
167781,"SKREWBALL PEANUT BUTTER WHISKEY 750ML",12,24.99,299.88,1,3,5,0,3,5,2,1,1,1,2,2,2,1,4,3,1,4,2,2,1,2,3,3,3,3,1,2,1,3,1,0,3,5,1,1,2,0,2,4,4,3,3,1,4,4,3,3,4,3,4,2,1,162
328942,"MEIOMI CHARD - 750ML",12,17.99,215.88,0,0,0,0,0,0,0,0,0,0,0,0,0,0,0,0,0,0,0,0,0,0,0,0,0,0,0,0,0,0,0,0,0,0,0,0,0,0,0,0,0,0,0,0,0,0,0,0,0,0,0,0,0,30
35238,"SKYY VODKA - 1.75L",6,25.99,155.94,3,4,0,3,3,2,1,4,3,2,0,1,2,4,2,5,4,2,2,3,3,3,1,2,3,1,1,3,1,5,2,2,1,2,2,2,3,1,4,1,2,3,3,3,2,3,2,2,2,4,2,1,2,156
